MT 21
1 1001 0 -2.021284 -2.388076
24
3.000003000003e-03 1.657780744187e-03 -2.998914081634e-04 4.557118905074e-03 -3.924062852634e-03 -2.995307533268e-03 2.411788113790e-03 -3.749779858584e-03 2.732456759127e-03 3.366304492916e-04 3.366304492916e-04 2.404499618834e-04 2.404499618834e-04 2.404499618834e-04 2.404499618834e-04 3.366304492916e-04 3.366304492916e-04
4.948951564611e-03 1.485558634918e-03 -4.651429516534e-04 5.745168715696e-03 -4.963741525413e-03 -3.354768564692e-03 3.213874417364e-03 -4.539262092431e-03 3.295065737903e-03 4.157382655831e-04 4.157382655831e-04 2.969559039879e-04 2.969559039879e-04 2.969559039879e-04 2.969559039879e-04 4.157382655831e-04 4.157382655831e-04
8.163998399856e-03 1.672860388925e-03 -1.020984939853e-04 7.426787864939e-03 -6.191626730883e-03 -3.800460031271e-03 3.985336475750e-03 -5.611663594289e-03 3.866684804409e-03 5.107965760954e-04 5.107965760954e-04 3.648545176914e-04 3.648545176914e-04 3.648545176914e-04 3.648545176914e-04 5.107965760954e-04 5.107965760954e-04
1.346779580667e-02 1.691936139517e-03 1.004887419096e-04 8.819644383835e-03 -7.622496520887e-03 -4.164558053452e-03 5.816156143297e-03 -6.453685823675e-03 4.894236929545e-03 6.392198572259e-04 6.392198572259e-04 4.565852532651e-04 4.565852532651e-04 4.565852532651e-04 4.565852532651e-04 6.392198572259e-04 6.392198572259e-04
2.221708760642e-02 2.082775398365e-03 2.463084038638e-04 1.040368566526e-02 -9.661829976039e-03 -4.900331619293e-03 8.949630921470e-03 -8.147041963072e-03 6.237619647332e-03 8.425311673956e-04 8.425311673956e-04 6.018085152699e-04 6.018085152699e-04 6.018085152699e-04 6.018085152699e-04 8.425311673956e-04 8.425311673956e-04
3.665030841235e-02 2.373008294074e-03 8.174889040353e-04 1.257554406491e-02 -1.203153331464e-02 -6.682858724569e-03 1.432968373897e-02 -9.361079028125e-03 7.019599757922e-03 1.161204273079e-03 1.161204273079e-03 8.294319826672e-04 8.294319826672e-04 8.294319826672e-04 8.294319826672e-04 1.161204273079e-03 1.161204273079e-03
6.046022321914e-02 1.789187281702e-03 1.504269960762e-03 1.611963756928e-02 -1.649876497071e-02 -9.995969770674e-03 2.138658048487e-02 -1.158449724641e-02 9.153809311212e-03 1.633464817049e-03 1.633464817049e-03 1.166759865528e-03 1.166759865528e-03 1.166759865528e-03 1.166759865528e-03 1.633464817049e-03 1.633464817049e-03
9.973768987563e-02 1.328956524322e-03 3.618310489216e-03 2.001445847749e-02 -2.320053608305e-02 -1.634218799286e-02 3.028093194201e-02 -1.443448726989e-02 1.284798297983e-02 2.272929718502e-03 2.272929718502e-03 1.623512251522e-03 1.623512251522e-03 1.623512251522e-03 1.623512251522e-03 2.272929718502e-03 2.272929718502e-03
1.645318657091e-01 9.867604294849e-04 4.040590807341e-03 3.057360271362e-02 -3.181528579402e-02 -2.720782600827e-02 4.268607602139e-02 -2.073601947817e-02 1.562502522189e-02 3.308235294307e-03 3.308235294307e-03 2.363030595807e-03 2.363030595807e-03 2.363030595807e-03 2.363030595807e-03 3.308235294307e-03 3.308235294307e-03
2.714212430550e-01 -2.468299082443e-03 5.899119322093e-03 3.563759874379e-02 -4.536547756378e-02 -4.345551489410e-02 5.793159685073e-02 -2.515272175800e-02 1.749339320484e-02 4.524509173329e-03 4.524509173329e-03 3.231794061860e-03 3.231794061860e-03 3.231794061860e-03 3.231794061860e-03 4.524509173329e-03 4.524509173329e-03
4.477498332132e-01 -6.432436090966e-03 4.069619123460e-03 5.401227151981e-02 -6.066000723852e-02 -6.710668102739e-02 6.778149512938e-02 -2.886206303594e-02 2.034671331653e-02 6.161216113997e-03 6.161216113997e-03 4.400868652855e-03 4.400868652855e-03 4.400868652855e-03 4.400868652855e-03 6.161216113997e-03 6.161216113997e-03
7.386288094781e-01 -8.297096994578e-03 -4.073439300127e-03 8.539590248323e-02 -7.692880762698e-02 -1.041791079679e-01 7.435622023481e-02 -3.283341314120e-02 1.533599869776e-02 8.490254677291e-03 8.490254677291e-03 6.064467626637e-03 6.064467626637e-03 6.064467626637e-03 6.064467626637e-03 8.490254677291e-03 8.490254677291e-03
1.218479459483e+00 -1.030355682420e-02 -1.169383723712e-02 1.265559184572e-01 -9.626229448088e-02 -1.422588551769e-01 7.441239191146e-02 -3.145111237362e-02 1.131027390686e-02 1.118415781137e-02 1.118415781137e-02 7.988680560590e-03 7.988680560590e-03 7.988680560590e-03 7.988680560590e-03 1.118415781137e-02 1.118415781137e-02
2.010058331893e+00 -1.363752804553e-02 -2.468826870009e-02 2.339192190751e-01 -9.695897406774e-02 -2.018523545414e-01 5.917378258596e-02 7.148957977026e-03 2.687971807153e-02 1.615520039811e-02 1.615520039811e-02 1.153944680775e-02 1.153944680775e-02 1.153944680775e-02 1.153944680775e-02 1.615520039811e-02 1.615520039811e-02
3.315891742766e+00 4.389508653819e-04 -3.534869788337e-02 2.641262607579e-01 -1.392743421560e-01 -1.991053459251e-01 7.626580591337e-02 -3.066106465309e-02 3.629444293580e-02 1.766228522589e-02 1.766228522589e-02 1.261588211458e-02 1.261588211458e-02 1.261588211458e-02 1.261588211458e-02 1.766228522589e-02 1.766228522589e-02
5.470040587701e+00 4.728172341876e-03 -6.390313616667e-02 2.861802411861e-01 -1.685150299386e-01 -2.075097345920e-01 8.645512186232e-02 -3.996910103086e-02 5.293382559369e-02 1.912651872988e-02 1.912651872988e-02 1.366178114081e-02 1.366178114081e-02 1.366178114081e-02 1.366178114081e-02 1.912651872988e-02 1.912651872988e-02
9.023641941888e+00 3.845950292895e-02 -8.077147809715e-02 3.859986928871e-01 -1.434589435706e-01 -2.328184050093e-01 9.846115801098e-02 2.063058762871e-02 6.451386177853e-02 2.258453259554e-02 2.258453259554e-02 1.613182694877e-02 1.613182694877e-02 1.613182694877e-02 1.613182694877e-02 2.258453259554e-02 2.258453259554e-02
1.488580355800e+01 9.044217993084e-02 -8.886434643650e-02 4.354838037294e-01 -1.910942846584e-01 -2.765531446584e-01 9.856671552414e-02 -1.014623843048e-01 6.886132335627e-02 2.615627211526e-02 2.615627211526e-02 1.868305151090e-02 1.868305151090e-02 1.868305151090e-02 1.868305151090e-02 2.615627211526e-02 2.615627211526e-02
2.455638883568e+01 1.267280777346e-01 -8.877638184220e-02 5.300306629577e-01 -1.640703046523e-01 -3.232648575061e-01 1.047708583602e-01 -1.132605726835e-01 5.696172436671e-02 3.039541157831e-02 3.039541157831e-02 2.171091851043e-02 2.171091851043e-02 2.171091851043e-02 2.171091851043e-02 3.039541157831e-02 3.039541157831e-02
4.050944680299e+01 1.598329244811e-01 -7.239184518038e-02 5.948341795789e-01 -1.471283237900e-01 -3.518797400321e-01 1.122136683476e-01 -1.519475269206e-01 3.746675965042e-02 3.330088212805e-02 3.330088212805e-02 2.378638028110e-02 2.378638028110e-02 2.378638028110e-02 2.378638028110e-02 3.330088212805e-02 3.330088212805e-02
6.682615843146e+01 1.869021434215e-01 -6.771954292225e-02 6.289996280053e-01 -1.723037906788e-01 -3.960580725639e-01 1.272495821151e-01 -1.614514730162e-01 4.273898044167e-02 3.646069601903e-02 3.646069601903e-02 2.604330044343e-02 2.604330044343e-02 2.604330044343e-02 2.604330044343e-02 3.646069601903e-02 3.646069601903e-02
1.102399703675e+02 1.993541600633e-01 -7.340796190825e-02 6.640924745829e-01 -1.916610279731e-01 -4.317603881164e-01 1.560315973703e-01 -1.606334022892e-01 4.903045955346e-02 3.943188868709e-02 3.943188868709e-02 2.816563477649e-02 2.816563477649e-02 2.816563477649e-02 2.816563477649e-02 3.943188868709e-02 3.943188868709e-02
1.818568677337e+02 1.975898416290e-01 -9.648471924076e-02 6.979588433886e-01 -2.463800321763e-01 -4.691390575088e-01 2.168641408773e-01 -1.648192603409e-01 8.811865800425e-02 4.329529366877e-02 4.329529366877e-02 3.092520976341e-02 3.092520976341e-02 3.092520976341e-02 3.092520976341e-02 4.329529366877e-02 4.329529366877e-02
3.000003000003e+02 2.215689900353e-01 -1.262606087478e-01 7.549850332366e-01 -2.977576384331e-01 -5.438297945294e-01 2.523113591063e-01 -1.951683020116e-01 1.276391396042e-01 4.882726134062e-02 4.882726134062e-02 3.487657933939e-02 3.487657933939e-02 3.487657933939e-02 3.487657933939e-02 4.882726134062e-02 4.882726134062e-02
2 1002 0 11.027830 -5.895093
24
3.000003000003e-03 9.709996874603e-04 -3.917842499180e-04 2.158236453904e-03 -2.126556633586e-03 -3.477692802041e-04 4.443355551902e-04 4.490378910741e-06 -1.569690486181e-04 9.152653205115e-05 9.152653205115e-05 6.537616613009e-05 6.537616613009e-05 6.537616613009e-05 6.537616613009e-05 9.152653205115e-05 9.152653205115e-05
4.948951564611e-03 9.733785014176e-04 -2.844184360260e-04 2.898471081314e-03 -2.643222961395e-03 -4.357414143270e-04 5.711076152220e-04 2.176884947896e-05 -2.230832376943e-04 1.175063723230e-04 1.175063723230e-04 8.393317694372e-05 8.393317694372e-05 8.393317694372e-05 8.393317694372e-05 1.175063723230e-04 1.175063723230e-04
8.163998399856e-03 1.090936898515e-03 -1.624517561171e-04 3.616287303547e-03 -3.380127500592e-03 -4.965488250928e-04 8.010998434801e-04 3.897949934497e-05 -3.159198138821e-04 1.511973145949e-04 1.511973145949e-04 1.079981536613e-04 1.079981536613e-04 1.079981536613e-04 1.079981536613e-04 1.511973145949e-04 1.511973145949e-04
1.346779580667e-02 1.156436592068e-03 -2.327040510367e-04 4.455745993328e-03 -4.110045137727e-03 -5.611475098730e-04 1.208055472641e-03 7.397520787778e-05 -4.874394630345e-04 1.989105671806e-04 1.989105671806e-04 1.420791560771e-04 1.420791560771e-04 1.420791560771e-04 1.420791560771e-04 1.989105671806e-04 1.989105671806e-04
2.221708760642e-02 1.489190316025e-03 -1.825202499883e-04 5.201597788402e-03 -5.398575647782e-03 -6.287784598824e-04 1.911897890751e-03 8.644444044730e-05 -7.927482335698e-04 2.719048441682e-04 2.719048441682e-04 1.942182843932e-04 1.942182843932e-04 1.942182843932e-04 1.942182843932e-04 2.719048441682e-04 2.719048441682e-04
3.665030841235e-02 1.641218267718e-03 3.133675840103e-04 6.393191315538e-03 -7.212418148629e-03 -9.861032083017e-04 3.142937255246e-03 1.364456521307e-04 -1.274921130680e-03 3.944156479246e-04 3.944156479246e-04 2.817254628033e-04 2.817254628033e-04 2.817254628033e-04 2.817254628033e-04 3.944156479246e-04 3.944156479246e-04
6.046022321914e-02 1.545135798000e-03 2.899865948452e-04 8.002164276259e-03 -1.028135204733e-02 -1.602815439120e-03 4.370985823534e-03 2.741579944194e-04 -1.852509223228e-03 5.451693696369e-04 5.451693696369e-04 3.894066925978e-04 3.894066925978e-04 3.894066925978e-04 3.894066925978e-04 5.451693696369e-04 5.451693696369e-04
9.973768987563e-02 1.617832252004e-03 1.129897673968e-03 8.984992688379e-03 -1.266853520745e-02 -2.190004238817e-03 5.561938465768e-03 4.404814493228e-04 -2.481204745064e-03 6.744722967104e-04 6.744722967104e-04 4.817657467021e-04 4.817657467021e-04 4.817657467021e-04 4.817657467021e-04 6.744722967104e-04 6.744722967104e-04
1.645318657091e-01 1.313638118543e-03 1.235814585328e-03 1.061398387749e-02 -1.585335617596e-02 -3.150627874062e-03 6.952520471583e-03 4.116353455775e-04 -3.354642900986e-03 8.447315388902e-04 8.447315388902e-04 6.033805682338e-04 6.033805682338e-04 6.033805682338e-04 6.033805682338e-04 8.447315388902e-04 8.447315388902e-04
2.714212430550e-01 7.496229628954e-04 2.651190040364e-03 1.612805703759e-02 -2.356822808723e-02 -6.767694292587e-03 1.193196996026e-02 1.616236322936e-03 -5.656940227613e-03 1.385492625716e-03 1.385492625716e-03 9.896381283556e-04 9.896381283556e-04 9.896381283556e-04 9.896381283556e-04 1.385492625716e-03 1.385492625716e-03
4.477498332132e-01 1.318312808411e-03 4.301104236547e-03 2.247017862295e-02 -2.918891433562e-02 -1.024391682927e-02 1.568835972979e-02 3.520921116955e-03 -6.961719054873e-03 1.839000374817e-03 1.839000374817e-03 1.313575286690e-03 1.313575286690e-03 1.313575286690e-03 1.313575286690e-03 1.839000374817e-03 1.839000374817e-03
7.386288094781e-01 -1.570243406488e-03 6.502782633666e-03 3.337426973244e-02 -3.803325163771e-02 -1.449694213184e-02 1.770551354081e-02 7.324774068292e-03 -9.967544640345e-03 2.381955549952e-03 2.381955549952e-03 1.701398616590e-03 1.701398616590e-03 1.701398616590e-03 1.701398616590e-03 2.381955549952e-03 2.381955549952e-03
1.218479459483e+00 -6.090417181955e-03 7.743271908862e-03 5.303686983273e-02 -5.246861855355e-02 -2.289793787866e-02 2.202055388237e-02 1.350570681778e-02 -1.376067847755e-02 3.407823781426e-03 3.407823781426e-03 2.434168819854e-03 2.434168819854e-03 2.434168819854e-03 2.434168819854e-03 3.407823781426e-03 3.407823781426e-03
2.010058331893e+00 -1.120175073023e-02 5.097736735274e-03 8.140708512282e-02 -6.596665988525e-02 -3.349365025328e-02 2.593560664727e-02 2.168880169815e-02 -1.545500222748e-02 4.663593763289e-03 4.663593763289e-03 3.331143787937e-03 3.331143787937e-03 3.331143787937e-03 3.331143787937e-03 4.663593763289e-03 4.663593763289e-03
3.315891742766e+00 -1.503201819260e-02 1.832164269203e-03 1.108304879341e-01 -7.608296522093e-02 -4.387460335409e-02 3.051353546208e-02 2.957256563048e-02 -1.653960567521e-02 5.933237018311e-03 5.933237018311e-03 4.238021056063e-03 4.238021056063e-03 4.238021056063e-03 4.238021056063e-03 5.933237018311e-03 5.933237018311e-03
5.470040587701e+00 -1.411391915552e-02 -4.167159292169e-03 1.475492972056e-01 -8.356447962990e-02 -5.629155982185e-02 3.541806424916e-02 3.790381802039e-02 -1.412799349061e-02 7.433724501518e-03 7.433724501518e-03 5.309794239391e-03 5.309794239391e-03 5.309794239391e-03 5.309794239391e-03 7.433724501518e-03 7.433724501518e-03
9.023641941888e+00 -1.211987490006e-02 -5.880533659954e-03 1.913204793295e-01 -7.898127293943e-02 -7.146972490469e-02 4.093105670138e-02 4.790413575529e-02 -6.933595517438e-03 9.139533914194e-03 9.139533914194e-03 6.528229534160e-03 6.528229534160e-03 6.528229534160e-03 6.528229534160e-03 9.139533914194e-03 9.139533914194e-03
1.488580355800e+01 -1.806541439520e-03 -5.203231416582e-03 2.141925304847e-01 -7.920030477924e-02 -8.146350812688e-02 4.637807570788e-02 4.608842086522e-02 -6.280018581785e-03 1.024181824537e-02 1.024181824537e-02 7.315588051373e-03 7.315588051373e-03 7.315588051373e-03 7.315588051373e-03 1.024181824537e-02 1.024181824537e-02
2.455638883568e+01 1.195148553383e-03 2.216029192360e-03 2.415168467486e-01 -6.716486332333e-02 -9.652631392749e-02 5.257756898677e-02 4.784394284005e-02 -1.894593998415e-03 1.161963281864e-02 1.161963281864e-02 8.299735932407e-03 8.299735932407e-03 8.299735932407e-03 8.299735932407e-03 1.161963281864e-02 1.161963281864e-02
4.050944680299e+01 -4.286703175823e-03 1.059275927752e-02 2.620854821701e-01 -5.083775497521e-02 -1.143244416197e-01 5.869638616632e-02 4.857719056540e-02 3.298219896927e-03 1.296585553619e-02 1.296585553619e-02 9.261339744559e-03 9.261339744559e-03 9.261339744559e-03 9.261339744559e-03 1.296585553619e-02 1.296585553619e-02
6.682615843146e+01 -1.734498436788e-02 1.127288895428e-02 2.741001891145e-01 -3.540499522372e-02 -1.352631566559e-01 6.515625464433e-02 4.662726683717e-02 9.020681180923e-03 1.425918639982e-02 1.425918639982e-02 1.018515648027e-02 1.018515648027e-02 1.018515648027e-02 1.018515648027e-02 1.425918639982e-02 1.425918639982e-02
1.102399703675e+02 -2.612184025977e-02 8.700376960334e-04 2.787183303153e-01 -2.529283679035e-02 -1.522579162748e-01 7.093012495051e-02 4.354197152393e-02 1.408564482164e-02 1.517703410949e-02 1.517703410949e-02 1.084070633611e-02 1.084070633611e-02 1.084070633611e-02 1.084070633611e-02 1.517703410949e-02 1.517703410949e-02
1.818568677337e+02 -2.478515541753e-02 -1.538186595051e-02 2.790752152407e-01 -1.866156301715e-02 -1.692991714649e-01 8.722518905357e-02 3.840785514573e-02 2.163250435779e-02 1.615595438035e-02 1.615595438035e-02 1.153993689621e-02 1.153993689621e-02 1.153993689621e-02 1.153993689621e-02 1.615595438035e-02 1.615595438035e-02
3.000003000003e+02 -1.437416869094e-02 -2.865145066445e-02 2.745701713755e-01 -1.903767448964e-02 -1.953103019996e-01 1.111539463137e-01 2.870033384613e-02 2.997670010944e-02 1.740882153060e-02 1.740882153060e-02 1.243491381136e-02 1.243491381136e-02 1.243491381136e-02 1.243491381136e-02 1.740882153060e-02 1.740882153060e-02
3 1003 0 7.734525 0.181046
24
3.000003000003e-03 2.453684393419e-03 -1.407194747767e-03 4.258278045494e-03 -4.157985841620e-03 -2.616406326504e-03 2.271157860245e-03 -2.436468465677e-03 1.839452764159e-03 3.178663446902e-04 3.178663446902e-04 2.270479276232e-04 2.270479276232e-04 2.270479276232e-04 2.270479276232e-04 3.178663446902e-04 3.178663446902e-04
4.948951564611e-03 2.979461339923e-03 -1.594308006214e-03 5.530321477303e-03 -4.960097277935e-03 -3.209513886760e-03 2.811637460369e-03 -3.006755496898e-03 1.970607974261e-03 3.941052585705e-04 3.941052585705e-04 2.815042946805e-04 2.815042946805e-04 2.815042946805e-04 2.815042946805e-04 3.941052585705e-04 3.941052585705e-04
8.163998399856e-03 3.128925752011e-03 -1.629016321851e-03 6.999292503009e-03 -6.268733980973e-03 -3.547272796133e-03 3.566348546726e-03 -3.727084993254e-03 2.407590946005e-03 4.812392157734e-04 4.812392157734e-04 3.437417584222e-04 3.437417584222e-04 3.437417584222e-04 3.437417584222e-04 4.812392157734e-04 4.812392157734e-04
1.346779580667e-02 3.471371917622e-03 -2.124395217840e-03 8.772030405577e-03 -7.886314905565e-03 -3.947059310858e-03 5.130987351920e-03 -4.467206523328e-03 2.764010915740e-03 6.116919657581e-04 6.116919657581e-04 4.369226531648e-04 4.369226531648e-04 4.369226531648e-04 4.369226531648e-04 6.116919657581e-04 6.116919657581e-04
2.221708760642e-02 4.192518228069e-03 -2.982125410494e-03 1.034458602426e-02 -1.000259224799e-02 -4.587919079449e-03 7.932383220237e-03 -5.452874935206e-03 2.870184181061e-03 8.038154361699e-04 8.038154361699e-04 5.741537034589e-04 5.741537034589e-04 5.741537034589e-04 5.741537034589e-04 8.038154361699e-04 8.038154361699e-04
3.665030841235e-02 5.257794597789e-03 -3.876448874376e-03 1.214773454371e-02 -1.331130506438e-02 -6.157923724896e-03 1.221990321015e-02 -6.209194517002e-03 3.351375644626e-03 1.099236986306e-03 1.099236986306e-03 7.851694554523e-04 7.851694554523e-04 7.851694554523e-04 7.851694554523e-04 1.099236986306e-03 1.099236986306e-03
6.046022321914e-02 6.185896465883e-03 -5.795534729119e-03 1.474676157966e-02 -1.707681801897e-02 -9.228428419920e-03 1.778694362239e-02 -7.423822201474e-03 3.513029436209e-03 1.488423767418e-03 1.488423767418e-03 1.063161449546e-03 1.063161449546e-03 1.063161449546e-03 1.063161449546e-03 1.488423767418e-03 1.488423767418e-03
9.973768987563e-02 7.285604691087e-03 -5.857775962772e-03 1.521071198274e-02 -2.045855401500e-02 -9.608862723899e-03 1.696196139156e-02 -5.478045375547e-03 4.145796462124e-03 1.560517035632e-03 1.560517035632e-03 1.114657179687e-03 1.114657179687e-03 1.114657179687e-03 1.114657179687e-03 1.560517035632e-03 1.560517035632e-03
1.645318657091e-01 7.765815977744e-03 -8.096487454090e-03 1.853112409017e-02 -2.246615738435e-02 -1.150006380225e-02 1.877327805191e-02 -5.550792095034e-03 3.189545923854e-03 1.772474008785e-03 1.772474008785e-03 1.266049273026e-03 1.266049273026e-03 1.266049273026e-03 1.266049273026e-03 1.772474008785e-03 1.772474008785e-03
2.714212430550e-01 1.162411901295e-02 -1.547611373011e-02 2.318357148273e-02 -3.187698667374e-02 -2.521844387631e-02 3.454482715517e-02 -8.170063554037e-03 5.814673311564e-03 2.874130021434e-03 2.874130021434e-03 2.052955400897e-03 2.052955400897e-03 2.052955400897e-03 2.052955400897e-03 2.874130021434e-03 2.874130021434e-03
4.477498332132e-01 1.838120728874e-02 -1.829160906626e-02 3.849330646591e-02 -4.579210584614e-02 -4.513224572518e-02 4.777972868621e-02 -9.130511260093e-03 6.424607242074e-03 4.389295025519e-03 4.389295025519e-03 3.135208937318e-03 3.135208937318e-03 3.135208937318e-03 3.135208937318e-03 4.389295025519e-03 4.389295025519e-03
7.386288094781e-01 1.890333998777e-02 -1.793082856592e-02 5.026359750184e-02 -5.589509082896e-02 -5.165130180879e-02 4.310064058795e-02 -7.056017099963e-03 7.881778445773e-03 4.977840993242e-03 4.977840993242e-03 3.555604299850e-03 3.555604299850e-03 3.555604299850e-03 3.555604299850e-03 4.977840993242e-03 4.977840993242e-03
1.218479459483e+00 2.224649722601e-02 -2.237731314411e-02 8.711762092111e-02 -8.635333426034e-02 -7.923498796213e-02 5.474727853705e-02 -4.907356220466e-03 8.308632922802e-03 7.608334221205e-03 7.608334221205e-03 5.434528034109e-03 5.434528034109e-03 5.434528034109e-03 5.434528034109e-03 7.608334221205e-03 7.608334221205e-03
2.010058331893e+00 2.917546831906e-03 -3.077592128051e-02 1.656524107126e-01 -1.032445469853e-01 -1.096417092740e-01 5.745105883843e-02 -3.912577189893e-03 1.595489245052e-02 1.088073022652e-02 1.088073022652e-02 7.771948366604e-03 7.771948366604e-03 7.771948366604e-03 7.771948366604e-03 1.088073022652e-02 1.088073022652e-02
3.315891742766e+00 3.062060093972e-02 -5.298874063327e-02 1.994396113834e-01 -1.419911914828e-01 -1.383557404641e-01 7.237978146459e-02 -8.667867759555e-03 1.952034878493e-02 1.368628556351e-02 1.368628556351e-02 9.775932621217e-03 9.775932621217e-03 9.775932621217e-03 9.775932621217e-03 1.368628556351e-02 1.368628556351e-02
5.470040587701e+00 5.628326601724e-02 -7.674345366042e-02 2.661921720869e-01 -1.681405520942e-01 -1.721567641426e-01 8.518704940362e-02 -1.903038599468e-02 3.224568398756e-02 1.721429411349e-02 1.721429411349e-02 1.229595488511e-02 1.229595488511e-02 1.229595488511e-02 1.229595488511e-02 1.721429411349e-02 1.721429411349e-02
9.023641941888e+00 9.754393861984e-02 -9.318479031743e-02 3.725212604032e-01 -1.775552769585e-01 -2.155220524957e-01 9.147852851541e-02 -3.874199494036e-02 4.254131143191e-02 2.175867071876e-02 2.175867071876e-02 1.554183584843e-02 1.554183584843e-02 1.554183584843e-02 1.554183584843e-02 2.175867071876e-02 2.175867071876e-02
1.488580355800e+01 1.413565897668e-01 -1.035941434158e-01 4.146613276214e-01 -1.891238777461e-01 -2.430813598900e-01 9.593117061519e-02 -6.301243181752e-02 3.936968515255e-02 2.415771653275e-02 2.415771653275e-02 1.725551180911e-02 1.725551180911e-02 1.725551180911e-02 1.725551180911e-02 2.415771653275e-02 2.415771653275e-02
2.455638883568e+01 1.820967632986e-01 -9.818846776865e-02 4.952896747573e-01 -1.741535604332e-01 -2.762075694666e-01 9.176240282759e-02 -8.134576123423e-02 2.525903325339e-02 2.736327201277e-02 2.736327201277e-02 1.954523019875e-02 1.954523019875e-02 1.954523019875e-02 1.954523019875e-02 2.736327201277e-02 2.736327201277e-02
4.050944680299e+01 2.213767245649e-01 -8.209207798501e-02 5.553544130198e-01 -1.477063768382e-01 -3.044668237041e-01 8.471920342565e-02 -8.863752344691e-02 6.193788146629e-03 2.983118153772e-02 2.983118153772e-02 2.130804066853e-02 2.130804066853e-02 2.130804066853e-02 2.130804066853e-02 2.983118153772e-02 2.983118153772e-02
6.682615843146e+01 2.571896241788e-01 -5.939758964660e-02 5.889857906950e-01 -1.235535611900e-01 -3.312407329351e-01 8.382586013868e-02 -8.236338592658e-02 -1.100543888850e-02 3.174227518075e-02 3.174227518075e-02 2.267299984466e-02 2.267299984466e-02 2.267299984466e-02 2.267299984466e-02 3.174227518075e-02 3.174227518075e-02
1.102399703675e+02 2.757250208350e-01 -2.598235354596e-02 6.127575939862e-01 -1.071545732020e-01 -3.574755448667e-01 8.317090090225e-02 -7.253145755790e-02 -2.120223182796e-02 3.344715468200e-02 3.344715468200e-02 2.389080682090e-02 2.389080682090e-02 2.389080682090e-02 2.389080682090e-02 3.344715468200e-02 3.344715468200e-02
1.818568677337e+02 2.721096760092e-01 8.022534363025e-03 6.233962833483e-01 -1.090975854264e-01 -3.856719672512e-01 8.102795772139e-02 -5.464536527137e-02 -2.597443673247e-02 3.495863773950e-02 3.495863773950e-02 2.497038372038e-02 2.497038372038e-02 2.497038372038e-02 2.497038372038e-02 3.495863773950e-02 3.495863773950e-02
3.000003000003e+02 2.440313775085e-01 2.267702108326e-02 6.493470953040e-01 -1.216464887856e-01 -4.030625675444e-01 7.707822177359e-02 -4.218932739100e-02 -2.329692014567e-02 3.644750132989e-02 3.644750132989e-02 2.603387566547e-02 2.603387566547e-02 2.603387566547e-02 2.603387566547e-02 3.644750132989e-02 3.644750132989e-02
4 1004 0 8.666666 -3.027373
24
3.000003000003e-03 6.055972760101e-05 1.088124544771e-04 5.249073536583e-04 -6.174373104030e-04 -2.407842273417e-03 1.605265881390e-03 -2.088493096995e-03 2.599592522622e-03 1.071988068266e-04 1.071988068266e-04 7.657054040077e-05 7.657054040077e-05 7.657054040077e-05 7.657054040077e-05 1.071988068266e-04 1.071988068266e-04
4.948951564611e-03 8.006009585667e-05 2.057730621731e-04 6.407944234639e-04 -7.026410730795e-04 -2.628658537853e-03 2.571531817040e-03 -3.250103263845e-03 1.935346738317e-03 1.309013694157e-04 1.309013694157e-04 9.350108586579e-05 9.350108586579e-05 9.350108586579e-05 9.350108586579e-05 1.309013694157e-04 1.309013694157e-04
8.163998399856e-03 4.619875359922e-05 2.693274815552e-04 8.941010391228e-04 -8.765571291081e-04 -2.951048775964e-03 3.512225188490e-03 -3.766178972235e-03 2.257184056122e-03 1.677648176129e-04 1.677648176129e-04 1.198324075237e-04 1.198324075237e-04 1.198324075237e-04 1.198324075237e-04 1.677648176129e-04 1.677648176129e-04
1.346779580667e-02 3.549710672032e-05 4.498044396816e-04 1.037625327821e-03 -1.137943921072e-03 -3.339952813737e-03 5.025090546752e-03 -4.474771478438e-03 2.303905822066e-03 2.133794863059e-04 2.133794863059e-04 1.524137392704e-04 1.524137392704e-04 1.524137392704e-04 1.524137392704e-04 2.133794863059e-04 2.133794863059e-04
2.221708760642e-02 1.992573990095e-05 7.138289128375e-04 1.305608207720e-03 -1.545324293560e-03 -3.785933306841e-03 7.752106067404e-03 -5.504987674144e-03 2.745802244720e-03 2.924382937521e-04 2.924382937521e-04 2.088844955372e-04 2.088844955372e-04 2.088844955372e-04 2.088844955372e-04 2.924382937521e-04 2.924382937521e-04
3.665030841235e-02 -5.901896489999e-05 1.188250872553e-03 1.517565180872e-03 -2.049311153419e-03 -5.072754790493e-03 1.201455614794e-02 -6.386593970965e-03 2.007226378232e-03 4.036783197045e-04 4.036783197045e-04 2.883416569318e-04 2.883416569318e-04 2.883416569318e-04 2.883416569318e-04 4.036783197045e-04 4.036783197045e-04
6.046022321914e-02 -6.367053264660e-04 1.953090453625e-03 1.833031348775e-03 -2.768610207385e-03 -6.788453936842e-03 1.807182324422e-02 -7.647666961228e-03 4.612197307476e-03 5.604375099333e-04 5.604375099333e-04 4.003130456540e-04 4.003130456540e-04 4.003130456540e-04 4.003130456540e-04 5.604375099333e-04 5.604375099333e-04
9.973768987563e-02 -5.649500936209e-04 8.078014889287e-04 3.121599557942e-03 -3.173498668580e-03 -4.065246026486e-03 2.387170593757e-02 1.002212038792e-02 -4.469430770927e-02 7.267672480220e-04 7.267672480220e-04 5.191192833533e-04 5.191192833533e-04 5.191192833533e-04 5.191192833533e-04 7.267672480220e-04 7.267672480220e-04
1.645318657091e-01 -2.516189520854e-03 3.360008741238e-03 4.722241014946e-03 -5.052824526698e-03 -1.609940571259e-02 3.111408231374e-02 -2.471541206062e-03 6.869004372480e-03 1.089583500400e-03 1.089583500400e-03 7.782742878962e-04 7.782742878962e-04 7.782742878962e-04 7.782742878962e-04 1.089583500400e-03 1.089583500400e-03
2.714212430550e-01 -3.123848938282e-03 5.574479703642e-03 3.961799663589e-03 -8.409666542541e-03 -3.075330181340e-02 4.558941028813e-02 -1.295178120110e-02 4.571746160469e-03 1.582709246137e-03 1.582709246137e-03 1.130505886305e-03 1.130505886305e-03 1.130505886305e-03 1.130505886305e-03 1.582709246137e-03 1.582709246137e-03
4.477498332132e-01 -5.638228901768e-03 7.216426820855e-03 6.408157862939e-03 -1.316314755484e-02 -5.074891073497e-02 5.879591182158e-02 -1.627081100777e-02 3.190651764468e-03 2.360441923460e-03 2.360441923460e-03 1.686029945329e-03 1.686029945329e-03 1.686029945329e-03 1.686029945329e-03 2.360441923460e-03 2.360441923460e-03
7.386288094781e-01 -8.281489562275e-03 9.114087013700e-03 1.123463692213e-02 -1.892394883558e-02 -7.356692649652e-02 7.137484880656e-02 -1.209383738015e-02 1.124921391204e-03 3.324672107070e-03 3.324672107070e-03 2.374767585960e-03 2.374767585960e-03 2.374767585960e-03 2.374767585960e-03 3.324672107070e-03 3.324672107070e-03
1.218479459483e+00 -1.284169979452e-02 9.927721811868e-03 1.736408525122e-02 -2.772618879611e-02 -1.015140320880e-01 8.067584801677e-02 -9.025431269016e-03 -8.944679771448e-04 4.559167223484e-03 4.559167223484e-03 3.256549811970e-03 3.256549811970e-03 3.256549811970e-03 3.256549811970e-03 4.559167223484e-03 4.559167223484e-03
2.010058331893e+00 -1.808376129630e-02 9.966991720038e-03 2.348893428865e-02 -3.810965517105e-02 -1.250023380582e-01 8.414064772256e-02 4.696706149858e-03 -1.530684471794e-03 5.749202520664e-03 5.749202520664e-03 4.106576819437e-03 4.106576819437e-03 4.106576819437e-03 4.106576819437e-03 5.749202520664e-03 5.749202520664e-03
3.315891742766e+00 -2.066087258189e-02 7.209150892269e-03 3.782804280558e-02 -4.497780503033e-02 -1.551217921378e-01 9.085046131210e-02 2.206956272776e-03 6.372846361513e-03 7.195051424440e-03 7.195051424440e-03 5.139318855637e-03 5.139318855637e-03 5.139318855637e-03 5.139318855637e-03 7.195051424440e-03 7.195051424440e-03
5.470040587701e+00 -2.287607239379e-02 4.162333805853e-03 5.195679027842e-02 -5.445774935809e-02 -1.854331346967e-01 9.865329781768e-02 -7.276330709574e-05 1.988364255939e-02 8.801460845556e-03 8.801460845556e-03 6.286754156434e-03 6.286754156434e-03 6.286754156434e-03 6.286754156434e-03 8.801460845556e-03 8.801460845556e-03
9.023641941888e+00 -2.298225822548e-02 -2.174447071997e-03 6.037600726263e-02 -7.753287306242e-02 -2.078729027027e-01 1.060016086981e-01 4.986097098736e-03 -1.838547985475e-03 1.059982157781e-02 1.059982157781e-02 7.571301127004e-03 7.571301127004e-03 7.571301127004e-03 7.571301127004e-03 1.059982157781e-02 1.059982157781e-02
1.488580355800e+01 -2.444171650863e-02 -3.546280052855e-03 8.916367738454e-02 -7.938352246279e-02 -2.542516067291e-01 1.142585938377e-01 -2.873853561280e-02 3.110402921725e-02 1.276944316349e-02 1.276944316349e-02 9.120998517538e-03 9.120998517538e-03 9.120998517538e-03 9.120998517538e-03 1.276944316349e-02 1.276944316349e-02
2.455638883568e+01 -2.327945289051e-02 -7.646221828607e-03 1.167977546840e-01 -9.229295499492e-02 -2.936358688716e-01 1.183254483596e-01 -4.670505267127e-02 2.598260487337e-02 1.519600932912e-02 1.519600932912e-02 1.085431571549e-02 1.085431571549e-02 1.085431571549e-02 1.085431571549e-02 1.519600932912e-02 1.519600932912e-02
4.050944680299e+01 -2.101348494133e-02 -1.209609932686e-02 1.478659697450e-01 -1.062969184076e-01 -3.328366620031e-01 1.207189649705e-01 -5.370716004130e-02 1.765575071317e-02 1.777450291548e-02 1.777450291548e-02 1.269605555910e-02 1.269605555910e-02 1.269605555910e-02 1.269605555910e-02 1.777450291548e-02 1.777450291548e-02
6.682615843146e+01 -1.609224288134e-02 -1.901907626113e-02 1.851214887054e-01 -1.220122958342e-01 -3.776445697027e-01 1.210881649392e-01 -6.166908679885e-02 9.876438453391e-03 2.075687965339e-02 2.075687965339e-02 1.482630670565e-02 1.482630670565e-02 1.482630670565e-02 1.482630670565e-02 2.075687965339e-02 2.075687965339e-02
1.102399703675e+02 -9.175926123493e-03 -2.490591823913e-02 2.275819983743e-01 -1.384437050584e-01 -4.160876106862e-01 1.167770201725e-01 -6.626925808965e-02 2.503811645799e-03 2.375069178855e-02 2.375069178855e-02 1.696472599309e-02 1.696472599309e-02 1.696472599309e-02 1.696472599309e-02 2.375069178855e-02 2.375069178855e-02
1.818568677337e+02 2.282253965497e-03 -2.980114791195e-02 2.825724361827e-01 -1.504081465203e-01 -4.544175543341e-01 1.106218861819e-01 -6.511315199313e-02 -1.017172303009e-02 2.708480123995e-02 2.708480123995e-02 1.934630455192e-02 1.934630455192e-02 1.934630455192e-02 1.934630455192e-02 2.708480123995e-02 2.708480123995e-02
3.000003000003e+02 1.406239703600e-02 -3.256851404865e-02 3.320261310985e-01 -1.518168366662e-01 -4.863223126869e-01 1.059053502992e-01 -5.637902176132e-02 -1.757331532194e-02 2.983934967862e-02 2.983934967862e-02 2.131382119901e-02 2.131382119901e-02 2.131382119901e-02 2.131382119901e-02 2.983934967862e-02 2.983934967862e-02
5 1005 0 -0.780271 2.414513
24
3.000003000003e-03 1.427539701791e-03 -4.561039612705e-04 4.639013942367e-03 -4.031316825828e-03 -2.624825794816e-03 2.622651812699e-03 -2.572549693060e-03 1.492017749413e-03 3.342780247126e-04 3.342780247126e-04 2.387698381323e-04 2.387698381323e-04 2.387698381323e-04 2.387698381323e-04 3.342780247126e-04 3.342780247126e-04
4.948951564611e-03 1.723427464277e-03 -1.586077033462e-05 5.567731562622e-03 -5.106859920340e-03 -3.405034047149e-03 3.049631953434e-03 -2.770206136453e-03 1.750319497392e-03 4.113639119722e-04 4.113639119722e-04 2.938306476161e-04 2.938306476161e-04 2.938306476161e-04 2.938306476161e-04 4.113639119722e-04 4.113639119722e-04
8.163998399856e-03 1.229084037227e-03 -1.799956661318e-04 7.358539906133e-03 -5.871561271336e-03 -3.444819176514e-03 4.357514674235e-03 -3.540499522372e-03 1.678578087554e-03 5.061922579023e-04 5.061922579023e-04 3.615658985016e-04 3.615658985016e-04 3.615658985016e-04 3.615658985016e-04 5.061922579023e-04 5.061922579023e-04
1.346779580667e-02 1.508416863065e-03 -4.520286872803e-04 8.707351296025e-03 -7.213360626425e-03 -3.889178607809e-03 6.919634279685e-03 -3.953706920913e-03 1.447407133733e-03 6.631638197945e-04 6.631638197945e-04 4.736880836712e-04 4.736880836712e-04 4.736880836712e-04 4.736880836712e-04 6.631638197945e-04 6.631638197945e-04
2.221708760642e-02 1.603355793057e-03 -8.912673225493e-04 1.034297752882e-02 -9.123901349150e-03 -4.238372914440e-03 1.114436011564e-02 -4.577953947552e-03 1.383519705529e-03 8.976522954585e-04 8.976522954585e-04 6.411802110418e-04 6.411802110418e-04 6.411802110418e-04 6.411802110418e-04 8.976522954585e-04 8.976522954585e-04
3.665030841235e-02 1.954447621651e-03 -1.162677051715e-03 1.304339004288e-02 -1.172208643826e-02 -5.515794752873e-03 1.781370999180e-02 -6.192757704239e-03 7.559124313879e-04 1.265873343837e-03 1.265873343837e-03 9.041943480003e-04 9.041943480003e-04 9.041943480003e-04 9.041943480003e-04 1.265873343837e-03 1.265873343837e-03
6.046022321914e-02 1.512387836179e-03 -7.158319923134e-04 1.551720576202e-02 -1.600377563221e-02 -9.656439003045e-03 2.783162064556e-02 -4.972550551214e-03 1.202944729712e-03 1.793811706088e-03 1.793811706088e-03 1.281292280581e-03 1.281292280581e-03 1.281292280581e-03 1.281292280581e-03 1.793811706088e-03 1.793811706088e-03
9.973768987563e-02 9.665197763363e-03 7.380355125519e-03 1.888461609555e-02 -2.178493443335e-02 -1.536779161542e-02 2.000427971729e-02 -4.939400465533e-03 6.809188448355e-03 1.887770459171e-03 1.887770459171e-03 1.348409266033e-03 1.348409266033e-03 1.348409266033e-03 1.348409266033e-03 1.887770459171e-03 1.887770459171e-03
1.645318657091e-01 -5.797784109459e-03 2.210613086625e-03 1.930257358219e-02 -2.742761183031e-02 -2.126757695515e-02 2.634451634706e-02 -2.550307217072e-03 4.998814265798e-03 2.358858560763e-03 2.358858560763e-03 1.684898971973e-03 1.684898971973e-03 1.684898971973e-03 1.684898971973e-03 2.358858560763e-03 2.358858560763e-03
2.714212430550e-01 2.321599271891e-03 -4.421640863480e-03 2.889222232542e-02 -3.589106243908e-02 -4.492339264557e-02 7.110467183835e-02 -6.476518919082e-03 -4.425951128601e-03 4.357615205200e-03 4.357615205200e-03 3.112576903841e-03 3.112576903841e-03 3.112576903841e-03 3.112576903841e-03 4.357615205200e-03 4.357615205200e-03
4.477498332132e-01 1.378731918325e-03 -7.868231898251e-03 4.133368321587e-02 -5.212580796319e-02 -7.634459705712e-02 9.307583988420e-02 -4.692609513038e-03 -4.656267569221e-03 6.264260353034e-03 6.264260353034e-03 4.474469885543e-03 4.474469885543e-03 4.474469885543e-03 4.474469885543e-03 6.264260353034e-03 6.264260353034e-03
7.386288094781e-01 1.495473501332e-03 -8.226386027131e-03 5.852975609197e-02 -7.265284869804e-02 -1.119800595179e-01 1.092796721366e-01 -7.155542755228e-04 -7.560946437618e-03 8.457456449988e-03 8.457456449988e-03 6.041043911811e-03 6.041043911811e-03 6.041043911811e-03 6.041043911811e-03 8.457456449988e-03 8.457456449988e-03
1.218479459483e+00 2.749433925827e-03 -2.066049559077e-02 8.577314492908e-02 -9.266454257399e-02 -1.510628544293e-01 1.084198810592e-01 1.225118090661e-02 -1.027740620695e-02 1.072593767329e-02 1.072593767329e-02 7.661389437939e-03 7.661389437939e-03 7.661389437939e-03 7.661389437939e-03 1.072593767329e-02 1.072593767329e-02
2.010058331893e+00 2.949591076973e-03 -3.567190493557e-02 1.131567744622e-01 -1.198016199157e-01 -1.955578595007e-01 1.242331505129e-01 1.936842136421e-02 -4.164909911829e-03 1.367774043149e-02 1.367774043149e-02 9.769812798728e-03 9.769812798728e-03 9.769812798728e-03 9.769812798728e-03 1.367774043149e-02 1.367774043149e-02
3.315891742766e+00 1.458440407132e-02 -5.795321100818e-02 1.607829420995e-01 -1.363539176252e-01 -2.339745111058e-01 1.346122186581e-01 2.321146882549e-02 6.102116472997e-03 1.669857026348e-02 1.669857026348e-02 1.192755916418e-02 1.192755916418e-02 1.192755916418e-02 1.192755916418e-02 1.669857026348e-02 1.669857026348e-02
5.470040587701e+00 3.986894705706e-02 -8.190823198292e-02 2.149238932544e-01 -1.558996504788e-01 -2.726764193239e-01 1.494556156278e-01 1.812422500968e-02 2.465534480908e-02 2.011335581422e-02 2.011335581422e-02 1.436675453228e-02 1.436675453228e-02 1.436675453228e-02 1.436675453228e-02 2.011335581422e-02 2.011335581422e-02
9.023641941888e+00 7.376937072712e-02 -1.068211873896e-01 2.679238179576e-01 -1.702667820022e-01 -3.168585217669e-01 1.767711354322e-01 1.031093328375e-02 4.087966024557e-02 2.375684931015e-02 2.375684931015e-02 1.696912422281e-02 1.696912422281e-02 1.696912422281e-02 1.696912422281e-02 2.375684931015e-02 2.375684931015e-02
1.488580355800e+01 1.219353896460e-01 -9.274496734592e-02 3.297026091719e-01 -1.740178436306e-01 -3.723516144000e-01 1.870881257066e-01 -1.675851185131e-02 5.228100264027e-02 2.759034632977e-02 2.759034632977e-02 1.970746204338e-02 1.970746204338e-02 1.970746204338e-02 1.970746204338e-02 2.759034632977e-02 2.759034632977e-02
2.455638883568e+01 1.528058100335e-01 -7.683820409485e-02 3.832428878114e-01 -1.722107995362e-01 -4.302938926657e-01 2.089259645602e-01 -3.932369223610e-02 5.479276879867e-02 3.138111768930e-02 3.138111768930e-02 2.241513791966e-02 2.241513791966e-02 2.241513791966e-02 2.241513791966e-02 3.138111768930e-02 3.138111768930e-02
4.050944680299e+01 1.687274016019e-01 -6.330774152696e-02 4.263958045011e-01 -1.775477371362e-01 -4.935115333154e-01 2.353304224951e-01 -5.851090653605e-02 5.372600959722e-02 3.517691559707e-02 3.517691559707e-02 2.512645804341e-02 2.512645804341e-02 2.512645804341e-02 2.512645804341e-02 3.517691559707e-02 3.517691559707e-02
6.682615843146e+01 1.760762151372e-01 -5.453176528101e-02 4.789860655222e-01 -2.029996641785e-01 -5.703372967033e-01 2.670906675858e-01 -7.270085223378e-02 4.708870396613e-02 4.006711872165e-02 4.006711872165e-02 2.861940641938e-02 2.861940641938e-02 2.861940641938e-02 2.861940641938e-02 4.006711872165e-02 4.006711872165e-02
1.102399703675e+02 1.771179672611e-01 -6.297473270568e-02 5.379286268889e-01 -2.371198736706e-01 -6.416841225034e-01 3.070152836647e-01 -7.808503938721e-02 5.289889108338e-02 4.526695721816e-02 4.526695721816e-02 3.233352291816e-02 3.233352291816e-02 3.233352291816e-02 3.233352291816e-02 4.526695721816e-02 4.526695721816e-02
1.818568677337e+02 1.845610285760e-01 -8.924724374912e-02 6.157911158525e-01 -2.788502772068e-01 -7.227032837653e-01 3.749578796654e-01 -8.257638590849e-02 7.044795331004e-02 5.193115488237e-02 5.193115488237e-02 3.709366410688e-02 3.709366410688e-02 3.709366410688e-02 3.709366410688e-02 5.193115488237e-02 5.193115488237e-02
3.000003000003e+02 2.055405843167e-01 -1.336006258236e-01 6.937729853370e-01 -3.260344855895e-01 -8.242998769083e-01 4.765079772371e-01 -9.755172976962e-02 1.037135239367e-01 5.980222678038e-02 5.980222678038e-02 4.271585831974e-02 4.271585831974e-02 4.271585831974e-02 4.271585831974e-02 5.980222678038e-02 5.980222678038e-02
6 1006 0 5.119271 -1.715203
24
3.000003000003e-03 8.842628275689e-04 -3.149044511364e-04 6.567499442329e-03 -5.718100753393e-03 -2.179737514026e-03 2.917860991172e-03 -2.593887390363e-03 1.066942670464e-03 3.942158426319e-04 3.942158426319e-04 2.815834628154e-04 2.815834628154e-04 2.815834628154e-04 2.815834628154e-04 3.942158426319e-04 3.942158426319e-04
4.948951564611e-03 1.574289777826e-03 1.785140910364e-04 8.203490099872e-03 -7.360475127207e-03 -2.987076560516e-03 3.450511742403e-03 -3.058981333171e-03 2.027671863221e-03 4.964596038615e-04 4.964596038615e-04 3.546141822778e-04 3.546141822778e-04 3.546141822778e-04 3.546141822778e-04 4.964596038615e-04 4.964596038615e-04
8.163998399856e-03 6.267175751017e-04 1.396060943402e-04 1.050983379784e-02 -8.977264370451e-03 -2.755063659863e-03 4.468953248843e-03 -3.676367121454e-03 2.280909363842e-03 5.962943918443e-04 5.962943918443e-04 4.259245656031e-04 4.259245656031e-04 4.259245656031e-04 4.259245656031e-04 5.962943918443e-04 5.962943918443e-04
1.346779580667e-02 7.493163434524e-04 3.826384453849e-04 1.262317060954e-02 -1.091589093150e-02 -3.535259345826e-03 6.712703854778e-03 -3.950967452119e-03 1.984858238538e-03 7.876488003745e-04 7.876488003745e-04 5.626064655014e-04 5.626064655014e-04 5.626064655014e-04 5.626064655014e-04 7.876488003745e-04 7.876488003745e-04
2.221708760642e-02 1.530508542605e-03 1.314995286569e-03 1.504898279293e-02 -1.438434745114e-02 -4.271095743520e-03 1.058016777417e-02 -4.878579231760e-03 2.672779065080e-03 1.078830457065e-03 1.078830457065e-03 7.705924655396e-04 7.705924655396e-04 7.705924655396e-04 7.705924655396e-04 1.078830457065e-03 1.078830457065e-03
3.665030841235e-02 2.398191300786e-03 2.653866677305e-03 1.866596124686e-02 -1.908153112308e-02 -6.372356273059e-03 1.794791882996e-02 -5.692942879423e-03 1.256135663248e-03 1.578323582793e-03 1.578323582793e-03 1.127371833474e-03 1.127371833474e-03 1.127371833474e-03 1.127371833474e-03 1.578323582793e-03 1.578323582793e-03
6.046022321914e-02 2.278659983502e-03 5.842130831357e-03 2.146901587610e-02 -2.789734276388e-02 -8.178520721461e-03 2.503371822828e-02 -8.136335415309e-03 2.258465825924e-03 2.131356987160e-03 2.131356987160e-03 1.522390667188e-03 1.522390667188e-03 1.522390667188e-03 1.522390667188e-03 2.131356987160e-03 2.131356987160e-03
9.973768987563e-02 -6.179160891234e-02 2.415922449722e-02 2.152908312764e-02 -4.077799830730e-02 -1.535635621816e-02 4.381353079291e-02 6.881809504136e-03 -1.690993661721e-02 3.238856362145e-03 3.238856362145e-03 2.313468830104e-03 2.313468830104e-03 2.313468830104e-03 2.313468830104e-03 3.238856362145e-03 3.238856362145e-03
1.645318657091e-01 -2.426553599262e-02 2.632340484443e-02 6.288010793496e-02 -6.860547205056e-02 -3.831875957807e-02 3.789012067642e-02 -1.897961785740e-02 -2.903686125119e-02 4.957169313582e-03 4.957169313582e-03 3.540838814379e-03 3.540838814379e-03 3.540838814379e-03 3.540838814379e-03 4.957169313582e-03 4.957169313582e-03
2.714212430550e-01 -1.556973319119e-02 1.906883908876e-02 6.078504262613e-02 -7.300118849147e-02 -4.775987382064e-02 6.940896578765e-02 -1.062230281484e-02 2.252245472470e-03 6.262400530183e-03 6.262400530183e-03 4.473150416629e-03 4.473150416629e-03 4.473150416629e-03 4.473150416629e-03 6.262400530183e-03 6.262400530183e-03
4.477498332132e-01 -1.766065159771e-02 2.094977344232e-02 6.990408078985e-02 -1.086450704206e-01 -7.324949997481e-02 8.471292024034e-02 -1.563470132727e-02 -1.051498600979e-03 8.419845302739e-03 8.419845302739e-03 6.014177011438e-03 6.014177011438e-03 6.014177011438e-03 6.014177011438e-03 8.419845302739e-03 8.419845302739e-03
7.386288094781e-01 -3.872226573850e-02 2.787409497824e-02 1.008618374531e-01 -1.461230141408e-01 -1.166692007127e-01 9.613839006662e-02 -1.246783770237e-02 -8.000492948967e-03 1.146843424741e-02 1.146843424741e-02 8.191740543347e-03 8.191740543347e-03 8.191740543347e-03 8.191740543347e-03 1.146843424741e-02 1.146843424741e-02
1.218479459483e+00 -6.921644898983e-02 1.941529392660e-02 1.493073324545e-01 -2.034583367059e-01 -1.640351188145e-01 1.051979892973e-01 -8.859266150382e-03 -1.125133762868e-02 1.552336328362e-02 1.552336328362e-02 1.108808790803e-02 1.108808790803e-02 1.108808790803e-02 1.108808790803e-02 1.552336328362e-02 1.552336328362e-02
2.010058331893e+00 -1.681757379320e-01 -8.302085843712e-03 1.866596124686e-01 -2.694405788907e-01 -2.117948669715e-01 9.091542944818e-02 -8.279189916453e-03 -2.703164549225e-02 1.924024438394e-02 1.924024438394e-02 1.374295989498e-02 1.374295989498e-02 1.374295989498e-02 1.374295989498e-02 1.924024438394e-02 1.924024438394e-02
3.315891742766e+00 -1.034017522817e-01 -1.879438955454e-02 2.937062405470e-01 -2.930263998968e-01 -2.131231323454e-01 1.162428237577e-01 -1.052075397390e-02 6.906917112623e-03 2.221520696318e-02 2.221520696318e-02 1.586805882958e-02 1.586805882958e-02 1.586805882958e-02 1.586805882958e-02 2.221520696318e-02 2.221520696318e-02
5.470040587701e+00 -5.889480915832e-02 -3.917478074432e-02 3.835067815943e-01 -3.386775110647e-01 -2.354498030159e-01 1.145644592985e-01 2.413069883593e-04 2.356873074206e-02 2.562132171820e-02 2.562132171820e-02 1.830090818052e-02 1.830090818052e-02 1.830090818052e-02 1.830090818052e-02 2.562132171820e-02 2.562132171820e-02
9.023641941888e+00 -9.782731027719e-02 -8.710907578909e-02 3.386888207982e-01 -5.152802571306e-01 -2.669650038797e-01 1.201573738678e-01 -3.841024275614e-02 1.383557404641e-02 2.974158331524e-02 2.974158331524e-02 2.124395217840e-02 2.124395217840e-02 2.124395217840e-02 2.124395217840e-02 2.974158331524e-02 2.974158331524e-02
1.488580355800e+01 -1.492759165280e-02 -8.445116274045e-02 6.181711864469e-01 -4.537892358034e-01 -2.945117449034e-01 1.598366943923e-01 -5.158934960166e-02 5.524842539715e-02 3.548403769488e-02 3.548403769488e-02 2.534574121063e-02 2.534574121063e-02 2.534574121063e-02 2.534574121063e-02 3.548403769488e-02 3.548403769488e-02
2.455638883568e+01 7.150365410535e-03 -1.001435437088e-01 7.863645172977e-01 -4.887853213273e-01 -3.332727150634e-01 2.056059294439e-01 -7.734387484838e-02 6.766387390043e-02 4.214986898727e-02 4.214986898727e-02 3.010701337271e-02 3.010701337271e-02 3.010701337271e-02 3.010701337271e-02 4.214986898727e-02 4.214986898727e-02
4.050944680299e+01 3.250027865621e-02 -1.306085729803e-01 9.470318487876e-01 -4.947505774579e-01 -3.868406397183e-01 2.684327559674e-01 -1.016670904821e-01 8.053937723190e-02 4.965048427957e-02 4.965048427957e-02 3.546468548414e-02 3.546468548414e-02 3.546468548414e-02 3.546468548414e-02 4.965048427957e-02 4.965048427957e-02
6.682615843146e+01 7.631192449353e-02 -1.719079500044e-01 1.102727924062e+00 -5.124490538312e-01 -4.683976416426e-01 3.594648013349e-01 -1.268788741820e-01 1.000852357492e-01 5.931264098124e-02 5.931264098124e-02 4.236613622554e-02 4.236613622554e-02 4.236613622554e-02 4.236613622554e-02 5.931264098124e-02 5.931264098124e-02
1.102399703675e+02 1.449367487548e-01 -2.103560175361e-01 1.234802992493e+00 -5.432743609482e-01 -5.789628534930e-01 4.475462628822e-01 -1.668386760986e-01 1.146697654842e-01 6.955008612964e-02 6.955008612964e-02 4.967863294975e-02 4.967863294975e-02 4.967863294975e-02 4.967863294975e-02 6.955008612964e-02 6.955008612964e-02
1.818568677337e+02 2.371274134930e-01 -2.065546904253e-01 1.377311918446e+00 -6.367970609715e-01 -7.352244154455e-01 5.786197915752e-01 -1.975722487101e-01 1.673413309232e-01 8.340551504162e-02 8.340551504162e-02 5.957527812708e-02 5.957527812708e-02 5.957527812708e-02 5.957527812708e-02 8.340551504162e-02 8.340551504162e-02
3.000003000003e+02 2.774227375050e-01 -2.179373089278e-01 1.519286773647e+00 -7.763792792075e-01 -9.077003654017e-01 7.072717806509e-01 -2.427785103582e-01 1.948528861092e-01 9.808291025549e-02 9.808291025549e-02 7.005927546694e-02 7.005927546694e-02 7.005927546694e-02 7.005927546694e-02 9.808291025549e-02 9.808291025549e-02
7 1007 0 0.005602 -0.239191
24
3.000003000003e-03 -9.812299697775e-04 1.815187102503e-03 7.385821496737e-04 -1.133206399350e-03 -5.542347493981e-03 6.334983886852e-03 -6.351948487181e-03 4.142428674800e-03 2.361975020675e-04 2.361975020675e-04 1.687123219572e-04 1.687123219572e-04 1.687123219572e-04 1.687123219572e-04 2.361975020675e-04 2.361975020675e-04
4.948951564611e-03 -1.585172254778e-03 2.545745624539e-03 1.262769450296e-03 -1.465779167571e-03 -7.796993143238e-03 8.606330242656e-03 -7.259592303915e-03 4.147593453122e-03 3.318011930645e-04 3.318011930645e-04 2.370004931498e-04 2.370004931498e-04 2.370004931498e-04 2.370004931498e-04 3.318011930645e-04 3.318011930645e-04
8.163998399856e-03 -1.796789935924e-03 3.254652290007e-03 1.863529930256e-03 -1.855914709664e-03 -7.919263929316e-03 1.153282433044e-02 -8.460082821446e-03 3.995000014752e-03 4.246088665998e-04 4.246088665998e-04 3.032918680517e-04 3.032918680517e-04 3.032918680517e-04 3.032918680517e-04 4.246088665998e-04 4.246088665998e-04
1.346779580667e-02 -1.908831696321e-03 5.368353526454e-03 2.060733984308e-03 -2.998750718816e-03 -8.383189199657e-03 1.709013837182e-02 -9.460717780726e-03 4.339218038621e-03 5.825643753111e-04 5.825643753111e-04 4.161177699756e-04 4.161177699756e-04 4.161177699756e-04 4.161177699756e-04 5.825643753111e-04 5.825643753111e-04
2.221708760642e-02 -2.203940343829e-03 8.268684430619e-03 2.494914655404e-03 -3.324433346029e-03 -9.736612447565e-03 2.702473398842e-02 -1.203647189829e-02 6.760368098519e-03 7.648797934583e-04 7.648797934583e-04 5.463430686522e-04 5.463430686522e-04 5.463430686522e-04 5.463430686522e-04 7.648797934583e-04 7.648797934583e-04
3.665030841235e-02 -3.076423455584e-03 1.381106962371e-02 2.702485965212e-03 -4.563816780611e-03 -1.463378990783e-02 4.522661916849e-02 -1.357808911252e-02 6.960211090399e-03 1.111489197655e-03 1.111489197655e-03 7.939206759481e-04 7.939206759481e-04 7.939206759481e-04 7.939206759481e-04 1.111489197655e-03 1.111489197655e-03
6.046022321914e-02 -5.797507649305e-03 1.999862485052e-02 2.882876215381e-03 -6.471291308906e-03 -2.947718687751e-02 6.374128131316e-02 -1.337099532480e-02 9.166639575609e-03 1.561358982464e-03 1.561358982464e-03 1.115254082291e-03 1.115254082291e-03 1.115254082291e-03 1.115254082291e-03 1.561358982464e-03 1.561358982464e-03
9.973768987563e-02 -1.301285376229e-03 2.413509706564e-02 -1.153577742753e-02 -1.584807830030e-03 -2.720179415037e-02 5.657442882438e-02 -1.213573365978e-02 1.085636403390e-02 1.892533113634e-03 1.892533113634e-03 1.351802186098e-03 1.351802186098e-03 1.351802186098e-03 1.351802186098e-03 1.892533113634e-03 1.892533113634e-03
1.645318657091e-01 -1.830618605617e-02 4.377269008841e-02 -7.260057259628e-03 -1.130556151788e-02 -6.640572887452e-02 1.268399184331e-01 -2.212498042217e-02 2.503233592751e-02 3.070152836647e-03 3.070152836647e-03 2.192969902282e-03 2.192969902282e-03 2.192969902282e-03 2.192969902282e-03 3.070152836647e-03 3.070152836647e-03
2.714212430550e-01 -3.654099512726e-02 5.184733719037e-02 -4.128593100753e-03 -2.398455194568e-02 -1.266174936732e-01 1.697452776217e-01 -4.204607076600e-02 1.751726930900e-02 5.025316741423e-03 5.025316741423e-03 3.589508367768e-03 3.589508367768e-03 3.589508367768e-03 3.589508367768e-03 5.025316741423e-03 5.025316741423e-03
4.477498332132e-01 -5.984771704200e-02 6.727708101292e-02 9.029515339465e-03 -3.429965726448e-02 -1.945148507397e-01 2.159983179420e-01 -4.549855542859e-02 2.972210544079e-03 7.107576918593e-03 7.107576918593e-03 5.076838860942e-03 5.076838860942e-03 5.076838860942e-03 5.076838860942e-03 7.107576918593e-03 7.107576918593e-03
7.386288094781e-01 -8.254195405301e-02 7.217469829616e-02 2.566957658136e-02 -5.694639339456e-02 -2.745839943832e-01 2.350137499556e-01 -2.188270079673e-02 -2.807490558066e-02 1.051777574407e-02 1.051777574407e-02 7.512704140830e-03 7.512704140830e-03 7.512704140830e-03 7.512704140830e-03 1.051777574407e-02 1.051777574407e-02
1.218479459483e+00 -1.183889085312e-01 7.002987015970e-02 4.164294159669e-02 -7.740645537404e-02 -3.870768874859e-01 2.488681735580e-01 -6.670330053067e-03 -4.806247202503e-02 1.407823066297e-02 1.407823066297e-02 1.005587365939e-02 1.005587365939e-02 1.005587365939e-02 1.005587365939e-02 1.407823066297e-02 1.407823066297e-02
2.010058331893e+00 -7.626065370142e-02 5.997250110220e-02 7.186644522499e-02 -8.877776414297e-02 -4.376452194751e-01 2.285470956375e-01 5.970257546141e-02 -5.140550359957e-02 1.662317203979e-02 1.662317203979e-02 1.187368713335e-02 1.187368713335e-02 1.187368713335e-02 1.187368713335e-02 1.662317203979e-02 1.662317203979e-02
3.315891742766e+00 -1.463102530630e-01 3.262267510599e-02 1.088870987186e-01 -1.242825363494e-01 -5.252189996495e-01 2.166203532874e-01 8.360444068845e-02 -4.744068800703e-02 2.144740171865e-02 2.144740171865e-02 1.531953675226e-02 1.531953675226e-02 1.531953675226e-02 1.531953675226e-02 2.144740171865e-02 2.144740171865e-02
5.470040587701e+00 -1.667683044232e-01 8.640045815014e-03 1.444114744632e-01 -1.542936683143e-01 -5.986958252687e-01 2.071943186896e-01 7.064436568274e-02 -2.979662401853e-02 2.561340490472e-02 2.561340490472e-02 1.829525331374e-02 1.829525331374e-02 1.829525331374e-02 1.829525331374e-02 2.561340490472e-02 2.561340490472e-02
9.023641941888e+00 -1.585109422925e-01 -3.306689630721e-02 4.054162487605e-02 -2.391719619919e-01 -6.554958204456e-01 2.071704425854e-01 2.264346887372e-02 4.988572673747e-03 2.858585420984e-02 2.858585420984e-02 2.041846729274e-02 2.041846729274e-02 2.041846729274e-02 2.041846729274e-02 2.858585420984e-02 2.858585420984e-02
1.488580355800e+01 -1.531878277002e-01 -2.244265827130e-02 2.107279821063e-01 -2.028677172870e-01 -7.177508771062e-01 2.321498740926e-01 3.639158098065e-02 1.844052055804e-02 3.288191933177e-02 3.288191933177e-02 2.348704933306e-02 2.348704933306e-02 2.348704933306e-02 2.348704933306e-02 3.288191933177e-02 3.288191933177e-02
2.455638883568e+01 -1.392605191483e-01 -2.160812559880e-02 2.978053906415e-01 -2.226773439235e-01 -7.874967472900e-01 2.552016243476e-01 2.885314091281e-02 1.588364112914e-02 3.883737369333e-02 3.883737369333e-02 2.774089144973e-02 2.774089144973e-02 2.774089144973e-02 2.774089144973e-02 3.883737369333e-02 3.883737369333e-02
4.050944680299e+01 -1.372411033906e-01 -2.117270085702e-02 3.650744291772e-01 -2.657963314126e-01 -8.793983855040e-01 2.779040294995e-01 2.153649728630e-02 -1.913091695959e-02 4.517459439415e-02 4.517459439415e-02 3.226754947243e-02 3.226754947243e-02 3.226754947243e-02 3.226754947243e-02 4.517459439415e-02 4.517459439415e-02
6.682615843146e+01 -1.389828023578e-01 -3.454683777447e-02 4.448105639994e-01 -3.259779369218e-01 -9.767450321052e-01 2.865660287640e-01 3.171274420981e-02 -7.250469118849e-02 5.244625041385e-02 5.244625041385e-02 3.746160743847e-02 3.746160743847e-02 3.746160743847e-02 3.746160743847e-02 5.244625041385e-02 5.244625041385e-02
1.102399703675e+02 -1.261814406129e-01 -4.909819229107e-02 5.609263417502e-01 -4.003029925575e-01 -1.053442618513e+00 3.015438858992e-01 1.106274153850e-01 -1.341975284278e-01 6.082751695881e-02 6.082751695881e-02 4.344822639915e-02 4.344822639915e-02 4.344822639915e-02 4.344822639915e-02 6.082751695881e-02 6.082751695881e-02
1.818568677337e+02 -1.197164199229e-01 -7.819989601463e-02 6.700338546094e-01 -4.943007013899e-01 -1.137613425525e+00 3.261488395621e-01 1.278439714452e-01 -1.530709604535e-01 6.948624896692e-02 6.948624896692e-02 4.963301702442e-02 4.963301702442e-02 4.963301702442e-02 4.963301702442e-02 6.948624896692e-02 6.948624896692e-02
3.000003000003e+02 -1.005157596064e-01 -9.852160225364e-02 8.105585506415e-01 -5.998431349058e-01 -1.218911560215e+00 3.867112061010e-01 2.229110784169e-01 -1.390582005814e-01 7.948907997595e-02 7.948907997595e-02 5.677787836462e-02 5.677787836462e-02 5.677787836462e-02 5.677787836462e-02 7.948907997595e-02 7.948907997595e-02
8 1008 0 5.898535 2.248781
24
3.000003000003e-03 1.677798972576e-03 -9.506710697175e-04 4.291201936503e-03 -3.591682349884e-03 -1.851591878173e-03 1.834815773403e-03 -2.001860537979e-03 1.207730003642e-03 2.673507914576e-04 2.673507914576e-04 1.909648510411e-04 1.909648510411e-04 1.909648510411e-04 1.909648510411e-04 2.673507914576e-04 2.673507914576e-04
4.948951564611e-03 1.707995961162e-03 -8.416188488890e-04 5.322423441859e-03 -4.386442459389e-03 -2.168968134409e-03 2.229223881505e-03 -2.286941221737e-03 1.337954045681e-03 3.242123618505e-04 3.242123618505e-04 2.315806175038e-04 2.315806175038e-04 2.315806175038e-04 2.315806175038e-04 3.242123618505e-04 3.242123618505e-04
8.163998399856e-03 1.733493127139e-03 -1.004522994348e-03 6.718057128660e-03 -5.171451065298e-03 -2.366373250390e-03 2.995382931492e-03 -2.644027209114e-03 1.491904652078e-03 3.982207449467e-04 3.982207449467e-04 2.844435687672e-04 2.844435687672e-04 2.844435687672e-04 2.844435687672e-04 3.982207449467e-04 3.982207449467e-04
1.346779580667e-02 1.676253308991e-03 -1.784035069750e-03 8.052052767598e-03 -6.353179991502e-03 -2.479520851402e-03 4.584061203671e-03 -3.113670178085e-03 1.795369936044e-03 5.117868060998e-04 5.117868060998e-04 3.655620043570e-04 3.655620043570e-04 3.655620043570e-04 3.655620043570e-04 5.117868060998e-04 5.117868060998e-04
2.221708760642e-02 2.103811502774e-03 -3.073420093007e-03 9.621089802507e-03 -8.079170995384e-03 -2.842927723198e-03 7.476600958055e-03 -3.705646764986e-03 1.977557177211e-03 7.017224713876e-04 7.017224713876e-04 5.012297981467e-04 5.012297981467e-04 5.012297981467e-04 5.012297981467e-04 7.017224713876e-04 7.017224713876e-04
3.665030841235e-02 2.846094448593e-03 -4.432372543985e-03 1.165274520521e-02 -1.034286443148e-02 -4.359022638709e-03 1.163821848078e-02 -4.296291316602e-03 2.829531972123e-03 9.740683951644e-04 9.740683951644e-04 6.957634984423e-04 6.957634984423e-04 6.957634984423e-04 6.957634984423e-04 9.740683951644e-04 9.740683951644e-04
6.046022321914e-02 3.863869937391e-03 -6.569183335992e-03 1.319783073773e-02 -1.392730855189e-02 -6.846812161975e-03 1.724671534968e-02 -5.185261506603e-03 3.503164835277e-03 1.320826082534e-03 1.320826082534e-03 9.434516897996e-04 9.434516897996e-04 9.434516897996e-04 9.434516897996e-04 1.320826082534e-03 1.320826082534e-03
9.973768987563e-02 5.274243976923e-03 -7.615208025931e-03 1.680199149364e-02 -1.899746210367e-02 -1.131468470295e-02 2.381704222539e-02 -7.368869462778e-03 4.435576968492e-03 1.810198253369e-03 1.810198253369e-03 1.292991571623e-03 1.292991571623e-03 1.292991571623e-03 1.292991571623e-03 1.810198253369e-03 1.810198253369e-03
1.645318657091e-01 9.052222771165e-03 -9.959451897669e-03 2.160661763433e-02 -2.580089515428e-02 -2.105646192883e-02 3.416959532862e-02 -7.560443782794e-03 3.788710474747e-03 2.572650224025e-03 2.572650224025e-03 1.837605507679e-03 1.837605507679e-03 1.837605507679e-03 1.837605507679e-03 2.572650224025e-03 2.572650224025e-03
2.714212430550e-01 1.378555989136e-02 -1.283026439726e-02 2.873891260392e-02 -3.393636349002e-02 -3.332601486928e-02 4.396998210706e-02 -1.166384131047e-02 1.214876498610e-03 3.467312979914e-03 3.467312979914e-03 2.476655718902e-03 2.476655718902e-03 2.476655718902e-03 2.476655718902e-03 3.467312979914e-03 3.467312979914e-03
4.477498332132e-01 2.278622284390e-02 -1.488549431124e-02 3.890761970506e-02 -4.580354124340e-02 -5.373065915435e-02 5.280564861342e-02 -1.052580565489e-02 2.975213906656e-04 4.710064201821e-03 4.710064201821e-03 3.364331572729e-03 3.364331572729e-03 3.364331572729e-03 3.364331572729e-03 4.710064201821e-03 4.710064201821e-03
7.386288094781e-01 2.782081356684e-02 -1.103328596578e-02 5.399002904383e-02 -6.051700194092e-02 -7.611136521852e-02 5.643720405727e-02 -1.199634747692e-02 -4.106124430095e-03 6.136271868327e-03 6.136271868327e-03 4.383049539324e-03 4.383049539324e-03 4.383049539324e-03 4.383049539324e-03 6.136271868327e-03 6.136271868327e-03
1.218479459483e+00 3.505451914729e-02 -5.846089238100e-03 7.715852088181e-02 -7.508268212003e-02 -9.988681275718e-02 5.416030336565e-02 -9.970937560411e-03 -7.765300756549e-03 7.742203767360e-03 7.742203767360e-03 5.530145548114e-03 5.530145548114e-03 5.530145548114e-03 5.530145548114e-03 7.742203767360e-03 7.742203767360e-03
2.010058331893e+00 3.374045377214e-02 1.067632564211e-03 1.072184103647e-01 -9.723581121238e-02 -1.220458480437e-01 4.798518884576e-02 -4.545746339668e-03 -8.154782847370e-03 9.644174225325e-03 9.644174225325e-03 6.888695875232e-03 6.888695875232e-03 6.888695875232e-03 6.888695875232e-03 9.644174225325e-03 9.644174225325e-03
3.315891742766e+00 3.399253516667e-02 5.628025008829e-03 1.376243776943e-01 -1.129515656301e-01 -1.322786436350e-01 4.259434151590e-02 1.113708418705e-03 -1.630976675667e-03 1.101067906504e-02 1.101067906504e-02 7.864763579962e-03 7.864763579962e-03 7.864763579962e-03 7.864763579962e-03 1.101067906504e-02 1.101067906504e-02
5.470040587701e+00 3.180711765312e-02 1.123163355956e-02 1.735993834891e-01 -1.338657762436e-01 -1.412786782690e-01 3.794943394572e-02 1.469787839797e-03 9.464965213994e-03 1.253544477628e-02 1.253544477628e-02 8.953890921108e-03 8.953890921108e-03 8.953890921108e-03 8.953890921108e-03 1.253544477628e-02 1.253544477628e-02
9.023641941888e+00 2.614659600988e-02 1.638152073288e-02 2.122547961360e-01 -1.633024994077e-01 -1.420577932471e-01 3.381685730548e-02 -2.977199393213e-02 6.292434155952e-04 1.384286254137e-02 1.384286254137e-02 9.887723054202e-03 9.887723054202e-03 9.887723054202e-03 9.887723054202e-03 1.384286254137e-02 1.384286254137e-02
1.488580355800e+01 1.508982349743e-02 1.990299477014e-02 2.720317645114e-01 -1.906707979687e-01 -1.534994736915e-01 3.878358962710e-02 -1.918357005247e-02 2.787007373964e-02 1.605353845984e-02 1.605353845984e-02 1.146678805286e-02 1.146678805286e-02 1.146678805286e-02 1.146678805286e-02 1.605353845984e-02 1.605353845984e-02
2.455638883568e+01 2.849009846576e-04 1.538890311805e-02 3.406617409847e-01 -2.157030082325e-01 -1.576501459054e-01 5.056883464407e-02 -3.212152824589e-02 2.869819756313e-02 1.808602324301e-02 1.808602324301e-02 1.291860598268e-02 1.291860598268e-02 1.291860598268e-02 1.291860598268e-02 1.808602324301e-02 1.808602324301e-02
4.050944680299e+01 -1.270057945252e-02 -2.265239099686e-03 4.108650270588e-01 -2.333738385904e-01 -1.659514903332e-01 7.293936194804e-02 -3.979028157701e-02 2.537074828815e-02 2.048682834888e-02 2.048682834888e-02 1.463341291672e-02 1.463341291672e-02 1.463341291672e-02 1.463341291672e-02 2.048682834888e-02 2.048682834888e-02
6.682615843146e+01 -7.233956907862e-03 -3.319306266818e-02 4.885251974556e-01 -2.627917121987e-01 -1.898979661760e-01 1.112079817074e-01 -4.229149198410e-02 2.678999418534e-02 2.445742447190e-02 2.445742447190e-02 1.746964276438e-02 1.746964276438e-02 1.746964276438e-02 1.746964276438e-02 2.445742447190e-02 2.445742447190e-02
1.102399703675e+02 1.499934562901e-02 -5.280904153349e-02 5.733142699018e-01 -2.981874083081e-01 -2.299030070268e-01 1.507172792374e-01 -4.748178003894e-02 3.601949074676e-02 2.950382758322e-02 2.950382758322e-02 2.107418051140e-02 2.107418051140e-02 2.107418051140e-02 2.107418051140e-02 2.950382758322e-02 2.950382758322e-02
1.818568677337e+02 4.080313104853e-02 -5.688079693995e-02 6.917359766604e-01 -3.297666976620e-01 -2.929233556578e-01 1.870516832318e-01 -6.389333439759e-02 4.722467209617e-02 3.612542525104e-02 3.612542525104e-02 2.580378541953e-02 2.580378541953e-02 2.580378541953e-02 2.580378541953e-02 3.612542525104e-02 3.612542525104e-02
3.000003000003e+02 5.627786247788e-02 -6.077813112229e-02 8.054867634616e-01 -3.414634754299e-01 -3.586969960904e-01 2.102064777258e-01 -7.870179685696e-02 5.005172849329e-02 4.221709907006e-02 4.221709907006e-02 3.015501690845e-02 3.015501690845e-02 3.015501690845e-02 3.015501690845e-02 4.221709907006e-02 4.221709907006e-02
9 1009 0 -5.341274 5.240312
24
3.000003000003e-03 1.951230630774e-03 -1.025934833238e-03 4.761247029333e-03 -4.116730446893e-03 -2.729742423075e-03 2.087022831633e-03 -4.529636252540e-03 3.547863415552e-03 3.255406272244e-04 3.255406272244e-04 2.325293784852e-04 2.325293784852e-04 2.325293784852e-04 2.325293784852e-04 3.255406272244e-04 3.255406272244e-04
4.948951564611e-03 1.999535759416e-03 -1.010896657524e-03 6.239567434777e-03 -4.795515521999e-03 -3.002985585713e-03 2.358858560763e-03 -5.841301450896e-03 3.985135413820e-03 3.837317196283e-04 3.837317196283e-04 2.740939059292e-04 2.740939059292e-04 2.740939059292e-04 2.740939059292e-04 3.837317196283e-04 3.837317196283e-04
8.163998399856e-03 1.945412401180e-03 -1.284207678564e-03 7.601020593507e-03 -5.677800402833e-03 -3.108266638721e-03 3.149434068853e-03 -6.940884012394e-03 4.661042790054e-03 4.535542446729e-04 4.535542446729e-04 3.239673176235e-04 3.239673176235e-04 3.239673176235e-04 3.239673176235e-04 4.535542446729e-04 4.535542446729e-04
1.346779580667e-02 2.002413458286e-03 -2.086608141402e-03 8.983007201822e-03 -6.919646846056e-03 -3.335290690240e-03 4.927173386925e-03 -8.010910470207e-03 5.708223586090e-03 5.749667476376e-04 5.749667476376e-04 4.106903545073e-04 4.106903545073e-04 4.106903545073e-04 4.106903545073e-04 5.749667476376e-04 5.749667476376e-04
2.221708760642e-02 2.262348834444e-03 -3.249889635544e-03 1.139497124480e-02 -8.730812709962e-03 -3.614364648843e-03 7.812512610947e-03 -1.032830000794e-02 6.746080135130e-03 7.781373144565e-04 7.781373144565e-04 5.558118289102e-04 5.558118289102e-04 5.558118289102e-04 5.558118289102e-04 7.781373144565e-04 7.781373144565e-04
3.665030841235e-02 2.976483110088e-03 -4.759902427678e-03 1.277484670285e-02 -1.123923621378e-02 -5.004142406938e-03 1.216025064884e-02 -1.125078470837e-02 8.577352192019e-03 1.047063928789e-03 1.047063928789e-03 7.479026267583e-04 7.479026267583e-04 7.479026267583e-04 7.479026267583e-04 1.047063928789e-03 1.047063928789e-03
6.046022321914e-02 4.284579459189e-03 -6.420058215911e-03 1.487795448887e-02 -1.439113329127e-02 -7.650783421140e-03 1.785090644882e-02 -1.297239004891e-02 1.061397131112e-02 1.403500234806e-03 1.403500234806e-03 1.002503578591e-03 1.002503578591e-03 1.002503578591e-03 1.002503578591e-03 1.403500234806e-03 1.403500234806e-03
9.973768987563e-02 5.496027851896e-03 -1.049121043659e-02 1.946932932024e-02 -1.991166556586e-02 -1.155705229298e-02 2.652873934027e-02 -1.727737729398e-02 1.515466596980e-02 1.987120185249e-03 1.987120185249e-03 1.419371560892e-03 1.419371560892e-03 1.419371560892e-03 1.419371560892e-03 1.987120185249e-03 1.987120185249e-03
1.645318657091e-01 8.967248973071e-03 -1.518696154228e-02 2.382181744623e-02 -2.722981715684e-02 -1.982948150205e-02 3.830317727851e-02 -1.872904442735e-02 2.075072213179e-02 2.765204720949e-03 2.765204720949e-03 1.975144434053e-03 1.975144434053e-03 1.975144434053e-03 1.975144434053e-03 2.765204720949e-03 2.765204720949e-03
2.714212430550e-01 1.388345191845e-02 -1.958544258472e-02 3.096642745902e-02 -3.715787826072e-02 -3.363728386940e-02 5.162968765133e-02 -2.488857664768e-02 2.375521568197e-02 3.821621799386e-03 3.821621799386e-03 2.729729856704e-03 2.729729856704e-03 2.729729856704e-03 2.729729856704e-03 3.821621799386e-03 3.821621799386e-03
4.477498332132e-01 2.396984929207e-02 -2.796080293548e-02 3.226026097748e-02 -3.978525502877e-02 -5.704503940388e-02 6.703932528090e-02 -2.260049188622e-02 2.393667407364e-02 4.700300131854e-03 4.700300131854e-03 3.357357237038e-03 3.357357237038e-03 3.357357237038e-03 3.357357237038e-03 4.700300131854e-03 4.700300131854e-03
7.386288094781e-01 3.140562211199e-02 -3.012925584869e-02 4.983897983879e-02 -6.678774654120e-02 -7.953080032639e-02 7.707244124311e-02 -3.370463961589e-02 4.164847079976e-02 6.724780136939e-03 6.724780136939e-03 4.803419769115e-03 4.803419769115e-03 4.803419769115e-03 4.803419769115e-03 6.724780136939e-03 6.724780136939e-03
1.218479459483e+00 4.159518938835e-02 -3.872854892381e-02 6.989628964007e-02 -8.334419115303e-02 -1.077542404077e-01 8.918277826787e-02 -4.677328806371e-02 4.610249520031e-02 8.634315550014e-03 8.634315550014e-03 6.167361069227e-03 6.167361069227e-03 6.167361069227e-03 6.167361069227e-03 8.634315550014e-03 8.634315550014e-03
2.010058331893e+00 6.631776428022e-02 -4.466176080938e-02 9.337429118629e-02 -1.064769944985e-01 -1.414131384346e-01 9.715211918408e-02 -6.188811863866e-02 6.424682640297e-02 1.091140473719e-02 1.091140473719e-02 7.793864116955e-03 7.793864116955e-03 7.793864116955e-03 7.793864116955e-03 1.091140473719e-02 1.091140473719e-02
3.315891742766e+00 7.494143611432e-02 -6.501035908150e-02 1.392115103029e-01 -1.456781646211e-01 -1.714806934035e-01 1.204497933120e-01 -9.309770536907e-02 8.453447777762e-02 1.438422178743e-02 1.438422178743e-02 1.027440284438e-02 1.027440284438e-02 1.027440284438e-02 1.027440284438e-02 1.438422178743e-02 1.438422178743e-02
5.470040587701e+00 9.960884463919e-02 -8.043344272762e-02 1.951972046640e-01 -1.778468167568e-01 -2.105357166359e-01 1.421759171309e-01 -1.313336525648e-01 9.889821638095e-02 1.813063385869e-02 1.813063385869e-02 1.295039890033e-02 1.295039890033e-02 1.295039890033e-02 1.295039890033e-02 1.813063385869e-02 1.813063385869e-02
9.023641941888e+00 1.388181829027e-01 -9.133753383711e-02 2.384506523186e-01 -2.217700519651e-01 -2.555120137018e-01 1.663485876446e-01 -1.623273490480e-01 1.124092010744e-01 2.205661936603e-02 2.205661936603e-02 1.575471016663e-02 1.575471016663e-02 1.575471016663e-02 1.575471016663e-02 2.205661936603e-02 2.205661936603e-02
1.488580355800e+01 1.630009065130e-01 -9.029703835025e-02 3.270385386016e-01 -2.307763697845e-01 -2.986448241985e-01 1.921046208558e-01 -2.134347783366e-01 9.922029245980e-02 2.639025793610e-02 2.639025793610e-02 1.885018424007e-02 1.885018424007e-02 1.885018424007e-02 1.885018424007e-02 2.639025793610e-02 2.639025793610e-02
2.455638883568e+01 1.855009930980e-01 -8.678725103765e-02 3.993366386572e-01 -2.481267576917e-01 -3.448802715999e-01 2.304383344149e-01 -2.483692886446e-01 8.064656837324e-02 3.091176374685e-02 3.091176374685e-02 2.207986715167e-02 2.207986715167e-02 2.207986715167e-02 2.207986715167e-02 3.091176374685e-02 3.091176374685e-02
4.050944680299e+01 1.956973462145e-01 -9.306654076994e-02 4.644404915361e-01 -2.738790209917e-01 -3.968296477197e-01 2.909604885678e-01 -2.661268269597e-01 6.208377702912e-02 3.605605888525e-02 3.605605888525e-02 2.575427391930e-02 2.575427391930e-02 2.575427391930e-02 2.575427391930e-02 3.605605888525e-02 3.605605888525e-02
6.682615843146e+01 2.045930799724e-01 -1.312456879705e-01 5.347669280423e-01 -3.345783609703e-01 -4.762641896472e-01 3.980058600092e-01 -2.719136406276e-01 5.813517205468e-02 4.380046176747e-02 4.380046176747e-02 3.128599026375e-02 3.128599026375e-02 3.128599026375e-02 3.128599026375e-02 4.380046176747e-02 4.380046176747e-02
1.102399703675e+02 2.365782630971e-01 -1.994923901400e-01 6.133406735827e-01 -4.247295037577e-01 -5.853729591434e-01 5.337955475938e-01 -2.804474629118e-01 7.027302943109e-02 5.381472817376e-02 5.381472817376e-02 3.843901974485e-02 3.843901974485e-02 3.843901974485e-02 3.843901974485e-02 5.381472817376e-02 5.381472817376e-02
1.818568677337e+02 3.234910521772e-01 -2.836292679514e-01 7.416307511847e-01 -5.565733509694e-01 -7.707432619870e-01 7.117843643385e-01 -3.074048411538e-01 7.855464465707e-02 6.904177643829e-02 6.904177643829e-02 4.931546483899e-02 4.931546483899e-02 4.931546483899e-02 4.931546483899e-02 6.904177643829e-02 6.904177643829e-02
3.000003000003e+02 4.542202623154e-01 -3.423871036700e-01 9.122531614753e-01 -7.030406836651e-01 -1.029766319638e+00 8.822961905677e-01 -3.341900601183e-01 9.244664170754e-02 8.748016071333e-02 8.748016071333e-02 6.248590088878e-02 6.248590088878e-02 6.248590088878e-02 6.248590088878e-02 8.748016071333e-02 8.748016071333e-02
10 1010 0 -2.818695 5.171237
24
3.000003000003e-03 1.570205707376e-03 -5.222483096363e-04 4.639491464451e-03 -4.439258915082e-03 -2.326475023689e-03 1.978663017825e-03 -2.979147180658e-03 2.332494315214e-03 3.099910002262e-04 3.099910002262e-04 2.214219634991e-04 2.214219634991e-04 2.214219634991e-04 2.214219634991e-04 3.099910002262e-04 3.099910002262e-04
4.948951564611e-03 2.227791315255e-03 -3.181176721025e-04 5.309605743832e-03 -5.441954759143e-03 -3.232397247649e-03 2.457982092169e-03 -3.245981494283e-03 2.758858703788e-03 3.889543032556e-04 3.889543032556e-04 2.778236047276e-04 2.778236047276e-04 2.778236047276e-04 2.778236047276e-04 3.889543032556e-04 3.889543032556e-04
8.163998399856e-03 1.523031552090e-03 5.466597411917e-05 8.003420913320e-03 -6.831933579167e-03 -2.980692844244e-03 2.818335335906e-03 -4.825750209697e-03 3.768089060569e-03 4.599065450184e-04 4.599065450184e-04 3.285050340523e-04 3.285050340523e-04 3.285050340523e-04 3.285050340523e-04 4.599065450184e-04 4.599065450184e-04
1.346779580667e-02 1.753285160857e-03 -7.822490309215e-04 9.126452322384e-03 -7.349265924619e-03 -2.908008956610e-03 5.074036560295e-03 -5.810363046444e-03 3.088047348402e-03 5.794730481399e-04 5.794730481399e-04 4.139086020216e-04 4.139086020216e-04 4.139086020216e-04 4.139086020216e-04 5.794730481399e-04 5.794730481399e-04
2.221708760642e-02 1.758072948061e-03 -3.190752295433e-04 1.166423086795e-02 -1.031676407972e-02 -3.340643964121e-03 7.426812997681e-03 -6.855005435615e-03 4.477988469315e-03 7.882758622681e-04 7.882758622681e-04 5.630538282952e-04 5.630538282952e-04 5.630538282952e-04 5.630538282952e-04 7.882758622681e-04 7.882758622681e-04
3.665030841235e-02 2.890453736862e-03 2.843920466477e-04 1.405862712481e-02 -1.310320596700e-02 -4.899426840609e-03 1.182175032361e-02 -8.224350275091e-03 5.448162546226e-03 1.097752897936e-03 1.097752897936e-03 7.841101104095e-04 7.841101104095e-04 7.841101104095e-04 7.841101104095e-04 1.097752897936e-03 1.097752897936e-03
6.046022321914e-02 2.023864252925e-03 1.462524477582e-03 1.585046591072e-02 -1.667117557554e-02 -6.722078367257e-03 1.227832426714e-02 -1.009002905472e-02 4.930063652167e-03 1.256113043781e-03 1.256113043781e-03 8.972237822205e-04 8.972237822205e-04 8.972237822205e-04 8.972237822205e-04 1.256113043781e-03 1.256113043781e-03
9.973768987563e-02 3.542221115146e-03 -1.414684304653e-02 9.257582399745e-03 -1.808300731406e-02 -1.179038466255e-02 7.812009956123e-03 -9.770931205713e-03 1.499218279776e-02 1.186548129334e-03 1.186548129334e-03 8.475338395372e-04 8.475338395372e-04 8.475338395372e-04 8.475338395372e-04 1.186548129334e-03 1.186548129334e-03
1.645318657091e-01 -6.564508646123e-03 1.005220427917e-03 1.966096647211e-02 -2.609922079267e-02 -5.503517408782e-03 2.454413242914e-02 -1.208749136299e-02 2.366624577802e-03 2.006836820743e-03 2.006836820743e-03 1.433458462351e-03 1.433458462351e-03 1.433458462351e-03 1.433458462351e-03 2.006836820743e-03 2.006836820743e-03
2.714212430550e-01 -1.932079481958e-03 1.847608338688e-02 6.222954692825e-02 -5.618751027316e-02 -3.155151767483e-02 2.883529666653e-02 -4.700011105330e-02 1.854758603568e-02 4.190469909659e-03 4.190469909659e-03 2.993196383005e-03 2.993196383005e-03 2.993196383005e-03 2.993196383005e-03 4.190469909659e-03 4.190469909659e-03
4.477498332132e-01 -3.925143560507e-03 3.267067864174e-03 4.592845096730e-02 -5.693206773206e-02 -4.367090248643e-02 6.006875950111e-02 -2.193434857995e-02 9.697694397772e-03 5.159349650396e-03 5.159349650396e-03 3.685251545479e-03 3.685251545479e-03 3.685251545479e-03 3.685251545479e-03 5.159349650396e-03 5.159349650396e-03
7.386288094781e-01 -9.930172254138e-03 8.364842298560e-03 7.149611428298e-02 -8.638751478841e-02 -6.835942251393e-02 7.019373563251e-02 -2.932789839462e-02 1.448776868129e-02 7.337365571648e-03 7.337365571648e-03 5.240980793907e-03 5.240980793907e-03 5.240980793907e-03 5.240980793907e-03 7.337365571648e-03 7.337365571648e-03
1.218479459483e+00 -1.263045910449e-02 -1.024227063472e-03 9.309959032466e-02 -1.134077248834e-01 -9.782718461349e-02 8.436294681873e-02 -3.333531398354e-02 2.477045276391e-02 9.637174756893e-03 9.637174756893e-03 6.883694459728e-03 6.883694459728e-03 6.883694459728e-03 6.883694459728e-03 9.637174756893e-03 9.637174756893e-03
2.010058331893e+00 -2.304999096309e-02 -2.377946877726e-02 1.373202715255e-01 -1.511533322978e-01 -1.249181433750e-01 9.174832849250e-02 -3.975220547405e-02 2.973127889134e-02 1.245366283632e-02 1.245366283632e-02 8.895469864122e-03 8.895469864122e-03 8.895469864122e-03 8.895469864122e-03 1.245366283632e-02 1.245366283632e-02
3.315891742766e+00 -9.198017803033e-03 -2.486042797751e-02 1.901618599589e-01 -1.802331705364e-01 -1.593918448725e-01 1.065948670548e-01 -5.350056890840e-02 3.810701623322e-02 1.568986769426e-02 1.568986769426e-02 1.120705373863e-02 1.120705373863e-02 1.120705373863e-02 1.120705373863e-02 1.568986769426e-02 1.568986769426e-02
5.470040587701e+00 7.902827116552e-03 -4.608100670656e-02 2.678622427416e-01 -2.064529028233e-01 -1.977393814393e-01 1.260281308914e-01 -7.690794745176e-02 4.276449017402e-02 1.971236292792e-02 1.971236292792e-02 1.408024128227e-02 1.408024128227e-02 1.408024128227e-02 1.408024128227e-02 1.971236292792e-02 1.971236292792e-02
9.023641941888e+00 2.742145430871e-02 -5.162252482008e-02 3.454708910188e-01 -2.256455206626e-01 -2.337571128942e-01 1.394741474488e-01 -1.013242798918e-01 4.022746561069e-02 2.345990597253e-02 2.345990597253e-02 1.675712955054e-02 1.675712955054e-02 1.675712955054e-02 1.675712955054e-02 2.345990597253e-02 2.345990597253e-02
1.488580355800e+01 5.483775640547e-02 -4.936208607397e-02 4.146726373550e-01 -2.448896606214e-01 -2.757501535762e-01 1.589080396039e-01 -1.211891985589e-01 2.933154264209e-02 2.740474103579e-02 2.740474103579e-02 1.957476116969e-02 1.957476116969e-02 1.957476116969e-02 1.957476116969e-02 2.740474103579e-02 2.740474103579e-02
2.455638883568e+01 7.299377433280e-02 -3.877177723872e-02 4.865485073579e-01 -2.594503142523e-01 -3.188276720422e-01 1.873846920531e-01 -1.355685194618e-01 3.440307849464e-03 3.161007696189e-02 3.161007696189e-02 2.257862640135e-02 2.257862640135e-02 2.257862640135e-02 2.257862640135e-02 3.161007696189e-02 3.161007696189e-02
4.050944680299e+01 8.223143903513e-02 -2.598976770462e-02 5.534732273388e-01 -2.832937458560e-01 -3.725564462410e-01 2.292721752219e-01 -1.349037584563e-01 -3.149572298930e-02 3.650694026289e-02 3.650694026289e-02 2.607634999815e-02 2.607634999815e-02 2.607634999815e-02 2.607634999815e-02 3.650694026289e-02 3.650694026289e-02
6.682615843146e+01 8.493760694693e-02 -1.800032059542e-02 6.329517515635e-01 -3.446955459519e-01 -4.601063503112e-01 2.886972852202e-01 -1.097916260754e-01 -6.850293046635e-02 4.379794849334e-02 4.379794849334e-02 3.128423097186e-02 3.128423097186e-02 3.128423097186e-02 3.128423097186e-02 4.379794849334e-02 4.379794849334e-02
1.102399703675e+02 8.208780541900e-02 -1.484126068668e-02 7.382340612076e-01 -4.279929902062e-01 -5.722561814961e-01 3.374447501074e-01 -6.670191822990e-02 -8.878995352247e-02 5.270486632110e-02 5.270486632110e-02 3.764633308650e-02 3.764633308650e-02 3.764633308650e-02 3.764633308650e-02 5.270486632110e-02 5.270486632110e-02
1.818568677337e+02 7.741914740836e-02 -2.515071113870e-02 9.141104710521e-01 -5.173398852743e-01 -7.183188770580e-01 3.571488192307e-01 -1.213990569482e-02 -8.276023191058e-02 6.425524587128e-02 6.425524587128e-02 4.589665804965e-02 4.589665804965e-02 4.589665804965e-02 4.589665804965e-02 6.425524587128e-02 6.425524587128e-02
3.000003000003e+02 8.292020180850e-02 -4.589766335930e-02 1.104595286736e+00 -5.639523237941e-01 -8.416175922520e-01 3.437593513411e-01 2.539173412708e-02 -5.292201320531e-02 7.432907687429e-02 7.432907687429e-02 5.309216186343e-02 5.309216186343e-02 5.309216186343e-02 5.309216186343e-02 7.432907687429e-02 7.432907687429e-02
11 1011 0 -6.706907 3.699694
22
8.163998399856e-03 4.886018523163e-03 -4.177526547926e-03 9.214328952091e-03 -7.439718660302e-03 -3.321115824187e-03 3.408904489298e-03 -4.658856241568e-03 3.212843974973e-03 5.255268757296e-04 5.255268757296e-04 3.753763398068e-04 3.753763398068e-04 3.753763398068e-04 3.753763398068e-04 5.255268757296e-04 5.255268757296e-04
1.346779580667e-02 4.976785418111e-03 -6.722769517640e-03 1.227500674529e-02 -8.218682841944e-03 -3.355962369900e-03 5.304855655740e-03 -6.016589754596e-03 3.474702005835e-03 6.740751993990e-04 6.740751993990e-04 4.814817467262e-04 4.814817467262e-04 4.814817467262e-04 4.814817467262e-04 6.740751993990e-04 6.740751993990e-04
2.221708760642e-02 6.921066845935e-03 -1.001993383944e-02 1.542936683143e-02 -1.059909272831e-02 -4.642746154440e-03 8.152734528960e-03 -7.651637934342e-03 4.454439090784e-03 9.276607884855e-04 9.276607884855e-04 6.626146693987e-04 6.626146693987e-04 6.626146693987e-04 6.626146693987e-04 9.276607884855e-04 9.276607884855e-04
3.665030841235e-02 9.860843587458e-03 -1.163196042822e-02 1.300631924957e-02 -1.367686078555e-02 -6.868501717655e-03 1.037603964991e-02 -5.588101649388e-03 5.146921509859e-03 1.072747077051e-03 1.072747077051e-03 7.662482712182e-04 7.662482712182e-04 7.662482712182e-04 7.662482712182e-04 1.072747077051e-03 1.072747077051e-03
6.046022321914e-02 -1.164061865757e-03 -6.184866023493e-03 9.854836862305e-03 -1.063998369829e-02 -2.114480351425e-03 5.074400985043e-03 -2.592630753302e-03 8.355555750676e-03 6.250248849799e-04 6.250248849799e-04 4.464467054534e-04 4.464467054534e-04 4.464467054534e-04 4.464467054534e-04 6.250248849799e-04 6.250248849799e-04
9.973768987563e-02 3.549911733962e-03 -1.257001486184e-02 2.121165660592e-02 -4.170652743200e-03 -3.428093337227e-03 9.388637078882e-03 -1.228190568276e-02 -1.138158806010e-03 1.028946992274e-03 1.028946992274e-03 7.349617782997e-04 7.349617782997e-04 7.349617782997e-04 7.349617782997e-04 1.028946992274e-03 1.028946992274e-03
1.645318657091e-01 5.892936667751e-03 -2.666960835485e-02 2.715379061463e-02 -1.144120292229e-02 -7.037758163460e-03 2.500506690328e-02 -1.305570508608e-02 5.724497036036e-05 1.936641074491e-03 1.936641074491e-03 1.383306077229e-03 1.383306077229e-03 1.383306077229e-03 1.383306077229e-03 1.936641074491e-03 1.936641074491e-03
2.714212430550e-01 3.803488526589e-02 -5.874137377312e-02 3.383218827763e-02 -2.825020645073e-02 -3.017449478291e-02 4.917120290434e-02 -1.410751030650e-02 4.907331087725e-03 3.529843240091e-03 3.529843240091e-03 2.521316600065e-03 2.521316600065e-03 2.521316600065e-03 2.521316600065e-03 3.529843240091e-03 3.529843240091e-03
4.477498332132e-01 6.466654318149e-02 -7.885410126881e-02 4.717805086119e-02 -4.959745419558e-02 -5.195503098654e-02 6.603464395028e-02 -1.936326915225e-02 1.464334034950e-02 5.308726097889e-03 5.308726097889e-03 3.791952598365e-03 3.791952598365e-03 3.791952598365e-03 3.791952598365e-03 5.308726097889e-03 5.308726097889e-03
7.386288094781e-01 8.349536459152e-02 -8.308067436124e-02 5.784702517649e-02 -6.932464544082e-02 -7.191180982291e-02 7.162466825437e-02 -2.102969555942e-02 2.094524954890e-02 6.701017130107e-03 6.701017130107e-03 4.786442602415e-03 4.786442602415e-03 4.786442602415e-03 4.786442602415e-03 6.701017130107e-03 6.701017130107e-03
1.218479459483e+00 1.287324138476e-01 -1.069755024207e-01 8.515412551261e-02 -9.077154450464e-02 -1.086747270552e-01 8.884009334122e-02 -3.232950167956e-02 2.794094806991e-02 9.252254258605e-03 9.252254258605e-03 6.608754837056e-03 6.608754837056e-03 6.608754837056e-03 6.608754837056e-03 9.252254258605e-03 9.252254258605e-03
2.010058331893e+00 1.756866576482e-01 -1.194581810068e-01 1.149831707673e-01 -1.243268956376e-01 -1.463152796112e-01 9.629760598231e-02 -4.067382309491e-02 4.106991509667e-02 1.205605030371e-02 1.205605030371e-02 8.611469888237e-03 8.611469888237e-03 8.611469888237e-03 8.611469888237e-03 1.205605030371e-02 1.205605030371e-02
3.315891742766e+00 2.193397158883e-01 -1.382376165803e-01 1.600528359668e-01 -1.626779507882e-01 -1.794879847590e-01 1.104070012444e-01 -5.837255079558e-02 5.663814032339e-02 1.535070135138e-02 1.535070135138e-02 1.096477411319e-02 1.096477411319e-02 1.096477411319e-02 1.096477411319e-02 1.535070135138e-02 1.535070135138e-02
5.470040587701e+00 2.795954629842e-01 -1.518532791410e-01 2.200082468050e-01 -2.017204076499e-01 -2.191084946690e-01 1.243105593558e-01 -8.257399829807e-02 7.152916383770e-02 1.919500544973e-02 1.919500544973e-02 1.371078998621e-02 1.371078998621e-02 1.371078998621e-02 1.371078998621e-02 1.919500544973e-02 1.919500544973e-02
9.023641941888e+00 3.400598118322e-01 -1.533838630818e-01 2.975791959704e-01 -2.339192190751e-01 -2.599931814628e-01 1.340153160539e-01 -1.103922985908e-01 7.474426975938e-02 2.329164227001e-02 2.329164227001e-02 1.663686938376e-02 1.663686938376e-02 1.663686938376e-02 1.663686938376e-02 2.329164227001e-02 2.329164227001e-02
1.488580355800e+01 4.032221604512e-01 -1.332826966471e-01 3.716617206532e-01 -2.668493932700e-01 -3.018655849870e-01 1.421822003162e-01 -1.384022360354e-01 7.502085557661e-02 2.735095696957e-02 2.735095696957e-02 1.953643373932e-02 1.953643373932e-02 1.953643373932e-02 1.953643373932e-02 2.735095696957e-02 2.735095696957e-02
2.455638883568e+01 4.469267408109e-01 -9.844695801219e-02 4.441194136156e-01 -3.007245585352e-01 -3.381069978388e-01 1.547535974788e-01 -1.595539510535e-01 7.122254439471e-02 3.126098318622e-02 3.126098318622e-02 2.232930960836e-02 2.232930960836e-02 2.232930960836e-02 2.232930960836e-02 3.126098318622e-02 3.126098318622e-02
4.050944680299e+01 4.657360843464e-01 -5.926287815361e-02 5.135825404606e-01 -3.549245716320e-01 -3.717019330392e-01 1.790406219651e-01 -1.719934013246e-01 7.267006462578e-02 3.552575804532e-02 3.552575804532e-02 2.537552350899e-02 2.537552350899e-02 2.537552350899e-02 2.537552350899e-02 3.552575804532e-02 3.552575804532e-02
6.682615843146e+01 4.579549876620e-01 -4.018876118919e-02 6.003885153905e-01 -4.663480665954e-01 -4.132677171203e-01 2.355289711508e-01 -1.817373650990e-01 9.119917809665e-02 4.209432562916e-02 4.209432562916e-02 3.006742930527e-02 3.006742930527e-02 3.006742930527e-02 3.006742930527e-02 4.209432562916e-02 4.209432562916e-02
1.102399703675e+02 4.430789181288e-01 -4.974297276729e-02 7.263688940736e-01 -6.283939289416e-01 -4.733990571471e-01 3.131790884511e-01 -1.988050096674e-01 1.325588736997e-01 5.168510534574e-02 5.168510534574e-02 3.691798624569e-02 3.691798624569e-02 3.691798624569e-02 3.691798624569e-02 5.168510534574e-02 5.168510534574e-02
1.818568677337e+02 4.389923344050e-01 -9.342732127028e-02 9.829100935286e-01 -8.436093619943e-01 -5.748385706574e-01 4.214597341238e-01 -2.619007565221e-01 1.929767269765e-01 6.726087039483e-02 6.726087039483e-02 4.804349680541e-02 4.804349680541e-02 4.804349680541e-02 4.804349680541e-02 6.726087039483e-02 6.726087039483e-02
3.000003000003e+02 4.519897315314e-01 -1.515617393427e-01 1.323377055769e+00 -9.861082348500e-01 -6.976434274862e-01 5.315813530916e-01 -3.619918984655e-01 2.203689016416e-01 8.421931320261e-02 8.421931320261e-02 6.015659843170e-02 6.015659843170e-02 6.015659843170e-02 6.015659843170e-02 8.421931320261e-02 8.421931320261e-02
12 1012 0 2.441000 4.177806
24
3.000003000003e-03 8.799877482859e-04 -1.531978807967e-04 3.848136841382e-03 -3.201245214896e-03 -1.320750684310e-03 1.352078646252e-03 -1.769118787831e-03 1.086665589143e-03 2.153121941064e-04 2.153121941064e-04 1.537947834009e-04 1.537947834009e-04 1.537947834009e-04 1.537947834009e-04 2.153121941064e-04 2.153121941064e-04
4.948951564611e-03 7.553557411697e-04 1.180027439623e-04 4.769741895869e-03 -3.947373470124e-03 -1.524363587375e-03 1.649889063442e-03 -2.031404075294e-03 1.319657410067e-03 2.610487565945e-04 2.610487565945e-04 1.864635770870e-04 1.864635770870e-04 1.864635770870e-04 1.864635770870e-04 2.610487565945e-04 2.610487565945e-04
8.163998399856e-03 5.633001291593e-04 2.053294692904e-04 5.838084460019e-03 -4.746468977491e-03 -1.625874729198e-03 2.153624595889e-03 -2.447552004559e-03 1.565066061795e-03 3.154146457834e-04 3.154146457834e-04 2.252961755595e-04 2.252961755595e-04 2.252961755595e-04 2.252961755595e-04 3.154146457834e-04 3.154146457834e-04
1.346779580667e-02 2.879420463462e-04 1.827100021845e-04 7.157264348003e-03 -5.954511883761e-03 -1.746084630495e-03 3.299539365842e-03 -2.865672854010e-03 1.845296126495e-03 4.126808676126e-04 4.126808676126e-04 2.947718687751e-04 2.947718687751e-04 2.947718687751e-04 2.947718687751e-04 4.126808676126e-04 4.126808676126e-04
2.221708760642e-02 2.438479084975e-04 -2.596023673367e-04 8.207712400398e-03 -7.148053198342e-03 -1.892910104753e-03 5.466697942882e-03 -3.304854940612e-03 1.919764438756e-03 5.554562006218e-04 5.554562006218e-04 3.967542494960e-04 3.967542494960e-04 3.967542494960e-04 3.967542494960e-04 5.554562006218e-04 5.554562006218e-04
3.665030841235e-02 2.808156575708e-04 -3.161460085531e-04 1.031246638097e-02 -9.655559357102e-03 -2.430725634306e-03 8.619399268095e-03 -4.058083195236e-03 2.436631828495e-03 7.873585172133e-04 7.873585172133e-04 5.623991203862e-04 5.623991203862e-04 5.623991203862e-04 5.623991203862e-04 7.873585172133e-04 7.873585172133e-04
6.046022321914e-02 1.774434362601e-04 -5.844417910809e-05 1.232968302384e-02 -1.316578649266e-02 -4.405317148052e-03 1.314492631744e-02 -4.523780323834e-03 3.272584500874e-03 1.106942684766e-03 1.106942684766e-03 7.906735257814e-04 7.906735257814e-04 7.906735257814e-04 7.906735257814e-04 1.106942684766e-03 1.106942684766e-03
9.973768987563e-02 3.426597939123e-03 -1.277082546425e-03 1.497936509973e-02 -1.772612238862e-02 -9.342920622587e-03 1.974377885446e-02 -5.793373313373e-03 4.603375715305e-03 1.576036503341e-03 1.576036503341e-03 1.125741975206e-03 1.125741975206e-03 1.125741975206e-03 1.125741975206e-03 1.576036503341e-03 1.576036503341e-03
1.645318657091e-01 8.722456073503e-04 -1.442556514675e-03 1.943678242035e-02 -2.533870404309e-02 -1.531941108855e-02 2.919557451205e-02 -6.356585477938e-03 5.193932302327e-03 2.271409187657e-03 2.271409187657e-03 1.622431543649e-03 1.622431543649e-03 1.622431543649e-03 1.622431543649e-03 2.271409187657e-03 2.271409187657e-03
2.714212430550e-01 1.549709956904e-03 -1.548327656136e-03 2.675443135650e-02 -3.428545726569e-02 -2.532890227401e-02 3.956320726001e-02 -8.433680876785e-03 5.591796162348e-03 3.163935660542e-03 3.163935660542e-03 2.259961224028e-03 2.259961224028e-03 2.259961224028e-03 2.259961224028e-03 3.163935660542e-03 3.163935660542e-03
4.477498332132e-01 1.388671917481e-03 -2.781603834600e-03 3.603281109961e-02 -4.652472525295e-02 -3.893162147293e-02 4.900117990993e-02 -1.053343344185e-02 5.139318855637e-03 4.248061586184e-03 4.248061586184e-03 3.034326114026e-03 3.034326114026e-03 3.034326114026e-03 3.034326114026e-03 4.248061586184e-03 4.248061586184e-03
7.386288094781e-01 1.282222192007e-03 -7.331547342053e-03 4.960273207124e-02 -6.142115230663e-02 -6.091460190716e-02 5.975346926240e-02 -1.049577202912e-02 4.396319626692e-03 5.745407476738e-03 5.745407476738e-03 4.103862483384e-03 4.103862483384e-03 4.103862483384e-03 4.103862483384e-03 5.745407476738e-03 5.745407476738e-03
1.218479459483e+00 1.686281272741e-03 -1.231381169775e-02 6.960160824916e-02 -8.044889936348e-02 -8.356108670983e-02 6.458209717096e-02 -8.882941192619e-03 5.744728892725e-03 7.419524502724e-03 7.419524502724e-03 5.299665744676e-03 5.299665744676e-03 5.299665744676e-03 5.299665744676e-03 7.419524502724e-03 7.419524502724e-03
2.010058331893e+00 1.306538119146e-02 -2.415382095786e-02 9.462213178830e-02 -9.559803613021e-02 -1.111580932160e-01 6.769704911885e-02 -3.519790143600e-03 9.161826655664e-03 9.261767001160e-03 9.261767001160e-03 6.615540677188e-03 6.615540677188e-03 6.615540677188e-03 6.615540677188e-03 9.261767001160e-03 9.261767001160e-03
3.315891742766e+00 1.385052802744e-02 -3.840245160636e-02 1.347982009432e-01 -1.167297706190e-01 -1.268826440932e-01 7.324497608138e-02 -7.839731369698e-03 1.977129920610e-02 1.131411921627e-02 1.131411921627e-02 8.081508340318e-03 8.081508340318e-03 8.081508340318e-03 8.081508340318e-03 1.131411921627e-02 1.131411921627e-02
5.470040587701e+00 2.886734091160e-02 -5.355598660281e-02 1.806855598786e-01 -1.337778116493e-01 -1.473419520904e-01 8.152910458149e-02 -1.684295786184e-02 3.344263078858e-02 1.362006079037e-02 1.362006079037e-02 9.728569970372e-03 9.728569970372e-03 9.728569970372e-03 9.728569970372e-03 1.362006079037e-02 1.362006079037e-02
9.023641941888e+00 5.807623577650e-02 -5.662771023578e-02 2.435827580776e-01 -1.352216876329e-01 -1.746763214508e-01 9.005413040627e-02 -3.255594767803e-02 4.446472011814e-02 1.637925878617e-02 1.637925878617e-02 1.169949210390e-02 1.169949210390e-02 1.169949210390e-02 1.169949210390e-02 1.637925878617e-02 1.637925878617e-02
1.488580355800e+01 7.458568216223e-02 -6.287596103265e-02 2.823035158516e-01 -1.513594207758e-01 -1.953831869491e-01 1.050574972739e-01 -5.188164338215e-02 5.447081838353e-02 1.865980372526e-02 1.865980372526e-02 1.332839532841e-02 1.332839532841e-02 1.332839532841e-02 1.332839532841e-02 1.865980372526e-02 1.865980372526e-02
2.455638883568e+01 9.045738523928e-02 -6.345627602762e-02 3.275424500633e-01 -1.537771904820e-01 -2.219007422195e-01 1.264088919210e-01 -7.250230357808e-02 5.789892428713e-02 2.127901235241e-02 2.127901235241e-02 1.519927658548e-02 1.519927658548e-02 1.519927658548e-02 1.519927658548e-02 2.127901235241e-02 2.127901235241e-02
4.050944680299e+01 1.022846019341e-01 -7.136064880776e-02 3.675135617134e-01 -1.672294902247e-01 -2.577412878488e-01 1.574742167168e-01 -9.181480459305e-02 6.170716290181e-02 2.444548641982e-02 2.444548641982e-02 1.746109763236e-02 1.746109763236e-02 1.746109763236e-02 1.746109763236e-02 2.444548641982e-02 2.444548641982e-02
6.682615843146e+01 1.263812459057e-01 -9.614065201333e-02 4.184903007476e-01 -2.035739473156e-01 -3.137671945958e-01 2.040929384219e-01 -1.126164205258e-01 6.722040668145e-02 2.921555504132e-02 2.921555504132e-02 2.086821769703e-02 2.086821769703e-02 2.086821769703e-02 2.086821769703e-02 2.921555504132e-02 2.921555504132e-02
1.102399703675e+02 1.612315615305e-01 -1.224027329692e-01 4.917258520511e-01 -2.397399619437e-01 -3.869864096174e-01 2.442889881061e-01 -1.343018293039e-01 7.660170499989e-02 3.502486251264e-02 3.502486251264e-02 2.501775893760e-02 2.501775893760e-02 2.501775893760e-02 2.501775893760e-02 3.502486251264e-02 3.502486251264e-02
1.818568677337e+02 2.280494673611e-01 -1.339122718149e-01 5.961222325669e-01 -2.672263843885e-01 -4.827182775947e-01 2.879671790875e-01 -1.701360917478e-01 7.890474374239e-02 4.241790967248e-02 4.241790967248e-02 3.029852486087e-02 3.029852486087e-02 3.029852486087e-02 3.029852486087e-02 4.241790967248e-02 4.241790967248e-02
3.000003000003e+02 2.920449663518e-01 -1.180599209485e-01 6.879484725572e-01 -2.661130039520e-01 -5.748662166727e-01 3.099796904926e-01 -2.036367791686e-01 7.061093913691e-02 4.858586136112e-02 4.858586136112e-02 3.470416873456e-02 3.470416873456e-02 3.470416873456e-02 3.470416873456e-02 4.858586136112e-02 4.858586136112e-02
13 1013 0 3.035346 1.098690
24
3.000003000003e-03 -7.738257926987e-04 1.891389573908e-03 2.794459231739e-03 -2.758657641858e-03 -3.174717606529e-03 3.384952986907e-03 -2.504452530701e-03 1.132202346338e-03 2.988194967500e-04 2.988194967500e-04 2.134423181590e-04 2.134423181590e-04 2.134423181590e-04 2.134423181590e-04 2.988194967500e-04 2.988194967500e-04
4.948951564611e-03 -1.355496699059e-03 2.633735351581e-03 3.850763212841e-03 -3.781585342608e-03 -3.691019509591e-03 4.332620694048e-03 -2.618278715725e-03 1.530395445270e-03 3.879703564365e-04 3.879703564365e-04 2.771211446102e-04 2.771211446102e-04 2.771211446102e-04 2.771211446102e-04 3.879703564365e-04 3.879703564365e-04
8.163998399856e-03 -1.876309929171e-03 3.845535602665e-03 4.620126687334e-03 -4.679251461075e-03 -3.882179139376e-03 5.653484475694e-03 -3.327914230689e-03 1.711891536053e-03 4.700815353049e-04 4.700815353049e-04 3.357721661786e-04 3.357721661786e-04 3.357721661786e-04 3.357721661786e-04 4.700815353049e-04 4.700815353049e-04
1.346779580667e-02 -2.248010605573e-03 5.783747473482e-03 5.779914730445e-03 -5.693797392625e-03 -4.653553233168e-03 8.788366687376e-03 -3.709642870841e-03 2.183394327874e-03 6.287646368748e-04 6.287646368748e-04 4.491170592090e-04 4.491170592090e-04 4.491170592090e-04 4.491170592090e-04 6.287646368748e-04 6.287646368748e-04
2.221708760642e-02 -2.577601374047e-03 9.065166132898e-03 7.106835502727e-03 -7.525949095457e-03 -5.114399742709e-03 1.431271913864e-02 -4.685207920746e-03 2.256002817284e-03 8.780148280994e-04 8.780148280994e-04 6.271536281620e-04 6.271536281620e-04 6.271536281620e-04 6.271536281620e-04 8.780148280994e-04 8.780148280994e-04
3.665030841235e-02 -4.125087083352e-03 1.448714036276e-02 9.481603088688e-03 -1.062945307971e-02 -7.077153735336e-03 2.167698930977e-02 -6.495280510409e-03 2.109755396074e-03 1.261563078717e-03 1.261563078717e-03 9.011130739257e-04 9.011130739257e-04 9.011130739257e-04 9.011130739257e-04 1.261563078717e-03 1.261563078717e-03
6.046022321914e-02 -7.005186130828e-03 2.253414144938e-02 9.550642728843e-03 -1.560780929415e-02 -1.170564962550e-02 3.340128742926e-02 -7.705258637754e-03 3.269870164821e-03 1.781396131921e-03 1.781396131921e-03 1.272420422928e-03 1.272420422928e-03 1.272420422928e-03 1.272420422928e-03 1.781396131921e-03 1.781396131921e-03
9.973768987563e-02 -9.416396191570e-03 3.047470537688e-02 1.195613509096e-02 -1.984883371279e-02 -2.172624948258e-02 4.903385247352e-02 -8.021566752488e-03 4.918628254908e-03 2.467670763912e-03 2.467670763912e-03 1.762621974223e-03 1.762621974223e-03 1.762621974223e-03 1.762621974223e-03 2.467670763912e-03 2.467670763912e-03
1.645318657091e-01 -2.041607968232e-02 4.542730410720e-02 1.221018940567e-02 -2.954466828771e-02 -3.308222727936e-02 7.058429843121e-02 -9.852700579300e-03 -8.427950611785e-04 3.494406074959e-03 3.494406074959e-03 2.496007929648e-03 2.496007929648e-03 2.496007929648e-03 2.496007929648e-03 3.494406074959e-03 3.494406074959e-03
2.714212430550e-01 -3.993278421978e-02 6.153927619040e-02 1.820565509126e-02 -4.231323180526e-02 -6.111277357175e-02 9.636508739251e-02 -1.428054922986e-02 -2.500808283222e-04 5.075029303574e-03 5.075029303574e-03 3.625020931124e-03 3.625020931124e-03 3.625020931124e-03 3.625020931124e-03 5.075029303574e-03 5.075029303574e-03
4.477498332132e-01 -6.244920708659e-02 7.529291750041e-02 3.458591918708e-02 -5.944044097039e-02 -9.529506093469e-02 1.196343615228e-01 -1.097676243075e-02 -7.511032813538e-03 7.179142399242e-03 7.179142399242e-03 5.127958856602e-03 5.127958856602e-03 5.127958856602e-03 5.127958856602e-03 7.179142399242e-03 7.179142399242e-03
7.386288094781e-01 -9.787254921141e-02 8.116090992249e-02 5.107714433542e-02 -9.052624895025e-02 -1.459847840641e-01 1.402469792416e-01 -9.671053692070e-03 -1.592900572706e-02 1.015400444752e-02 1.015400444752e-02 7.252856729266e-03 7.252856729266e-03 7.252856729266e-03 7.252856729266e-03 1.015400444752e-02 1.015400444752e-02
1.218479459483e+00 -1.435569612614e-01 7.914011186399e-02 9.031576224246e-02 -1.299186792336e-01 -2.094901946008e-01 1.563847123845e-01 1.556269602365e-03 -3.546229787372e-02 1.423669259642e-02 1.423669259642e-02 1.016910922500e-02 1.016910922500e-02 1.016910922500e-02 1.016910922500e-02 1.423669259642e-02 1.423669259642e-02
2.010058331893e+00 -1.799353475529e-01 4.989980107256e-02 1.512651729962e-01 -1.699777554781e-01 -2.720443308820e-01 1.533411374217e-01 3.791940031995e-02 -4.165613628583e-02 1.865955239785e-02 1.865955239785e-02 1.332826966471e-02 1.332826966471e-02 1.332826966471e-02 1.332826966471e-02 1.865955239785e-02 1.865955239785e-02
3.315891742766e+00 -1.960881603406e-01 2.474444037673e-02 2.120952032292e-01 -2.034281774164e-01 -3.117766814905e-01 1.609764642070e-01 5.409470691104e-02 -4.018222667647e-02 2.247847242755e-02 2.247847242755e-02 1.605605173397e-02 1.605605173397e-02 1.605605173397e-02 1.605605173397e-02 2.247847242755e-02 2.247847242755e-02
5.470040587701e+00 -1.951381427221e-01 -6.697687041894e-03 2.859289137738e-01 -2.334190775247e-01 -3.524892090069e-01 1.753549054640e-01 6.521883516999e-02 -2.371550595083e-02 2.668431100847e-02 2.668431100847e-02 1.906016829304e-02 1.906016829304e-02 1.906016829304e-02 1.906016829304e-02 2.668431100847e-02 2.668431100847e-02
9.023641941888e+00 -1.846087807844e-01 -1.813867633588e-02 3.795307819319e-01 -2.405416963889e-01 -3.948391346143e-01 1.967252753307e-01 6.886182601110e-02 -2.069178585360e-02 3.116510177844e-02 3.116510177844e-02 2.226082288851e-02 2.226082288851e-02 2.226082288851e-02 2.226082288851e-02 3.116510177844e-02 3.116510177844e-02
1.488580355800e+01 -1.451855628930e-01 -1.656888531874e-02 4.597959609570e-01 -3.015200097951e-01 -4.452038913996e-01 2.390085991739e-01 5.360688040379e-02 -6.886408795781e-03 3.689725173418e-02 3.689725173418e-02 2.635519776208e-02 2.635519776208e-02 2.635519776208e-02 2.635519776208e-02 3.689725173418e-02 3.689725173418e-02
2.455638883568e+01 -1.298156349946e-01 8.911303491096e-03 5.557389439606e-01 -3.363803785164e-01 -5.057021694483e-01 2.987440985263e-01 4.537703862474e-02 -1.990060715972e-02 4.323899632842e-02 4.323899632842e-02 3.088499737744e-02 3.088499737744e-02 3.088499737744e-02 3.088499737744e-02 4.323899632842e-02 4.323899632842e-02
4.050944680299e+01 -1.299412987007e-01 4.201176457422e-02 6.491183873588e-01 -3.819636312829e-01 -5.890222331698e-01 3.838548700603e-01 5.251988934565e-02 -3.812775074473e-02 5.093753195789e-02 5.093753195789e-02 3.638391549458e-02 3.638391549458e-02 3.638391549458e-02 3.638391549458e-02 5.093753195789e-02 5.093753195789e-02
6.682615843146e+01 -1.383029617075e-01 7.144710543759e-02 7.721431556734e-01 -4.509869351564e-01 -7.144836207465e-01 5.102310894178e-01 6.586286166398e-02 -6.636790409897e-02 6.202320712276e-02 6.202320712276e-02 4.430223694610e-02 4.430223694610e-02 4.430223694610e-02 4.430223694610e-02 6.202320712276e-02 6.202320712276e-02
1.102399703675e+02 -1.579328892442e-01 1.244555752727e-01 9.274182575327e-01 -5.117516202621e-01 -8.804615004580e-01 6.608955898986e-01 9.803503238345e-02 -8.691379438974e-02 7.559111747509e-02 7.559111747509e-02 5.399367329130e-02 5.399367329130e-02 5.399367329130e-02 5.399367329130e-02 7.559111747509e-02 7.559111747509e-02
1.818568677337e+02 -1.930106561771e-01 1.821118429433e-01 1.118120471428e+00 -5.655243767580e-01 -1.135698310643e+00 8.131271167951e-01 1.226089471109e-01 -1.088050403185e-01 9.260560629581e-02 9.260560629581e-02 6.614686163986e-02 6.614686163986e-02 6.614686163986e-02 6.614686163986e-02 9.260560629581e-02 9.260560629581e-02
3.000003000003e+02 -2.683636409291e-01 2.326449890948e-01 1.294625199803e+00 -5.956886927807e-01 -1.407471207920e+00 9.285027353167e-01 1.517439517166e-01 -1.249197770032e-01 1.085096049453e-01 1.085096049453e-01 7.750686067524e-02 7.750686067524e-02 7.750686067524e-02 7.750686067524e-02 1.085096049453e-01 1.085096049453e-01
14 1014 0 2.495735 -1.684368
24
3.000003000003e-03 1.537658807485e-04 1.242062584797e-03 4.217060349878e-03 -4.182427432465e-03 -3.517427665924e-03 3.772173131018e-03 -4.779355169389e-03 3.658271547770e-03 3.874325157742e-04 3.874325157742e-04 2.767366136694e-04 2.767366136694e-04 2.767366136694e-04 2.767366136694e-04 3.874325157742e-04 3.874325157742e-04
4.948951564611e-03 -2.588609514705e-04 2.101436458727e-03 5.867803926522e-03 -5.466195288058e-03 -4.530666694930e-03 4.466892364063e-03 -5.857826228254e-03 4.112005491542e-03 5.000096035600e-04 5.000096035600e-04 3.571500758678e-04 3.571500758678e-04 3.571500758678e-04 3.571500758678e-04 5.000096035600e-04 5.000096035600e-04
8.163998399856e-03 -6.243525841521e-04 2.949440280526e-03 7.276506638762e-03 -6.720846862936e-03 -4.875550736442e-03 6.104504083414e-03 -7.215069652829e-03 4.848671269697e-03 6.157873459413e-04 6.157873459413e-04 4.398481042438e-04 4.398481042438e-04 4.398481042438e-04 4.398481042438e-04 6.157873459413e-04 6.157873459413e-04
1.346779580667e-02 -6.902594281132e-04 4.405229183458e-03 8.765231999075e-03 -8.446259813770e-03 -5.358639721969e-03 9.654214755446e-03 -8.637344045332e-03 5.605317577129e-03 8.115311877271e-04 8.115311877271e-04 5.796653136103e-04 5.796653136103e-04 5.796653136103e-04 5.796653136103e-04 8.115311877271e-04 8.115311877271e-04
2.221708760642e-02 -7.239109119814e-04 6.863538001263e-03 1.088857164178e-02 -1.022026691977e-02 -6.333237161337e-03 1.459005893810e-02 -1.064209484855e-02 7.596446434604e-03 1.078831713702e-03 1.078831713702e-03 7.705937221767e-04 7.705937221767e-04 7.705937221767e-04 7.705937221767e-04 1.078831713702e-03 1.078831713702e-03
3.665030841235e-02 -1.505627128789e-03 1.129944169539e-02 1.375665723895e-02 -1.500374385872e-02 -9.002686138204e-03 2.297471840311e-02 -1.360108557075e-02 9.408341148006e-03 1.568835972979e-03 1.568835972979e-03 1.120594789802e-03 1.120594789802e-03 1.120594789802e-03 1.120594789802e-03 1.568835972979e-03 1.568835972979e-03
6.046022321914e-02 -4.152456638550e-03 1.788672060507e-02 1.580384467574e-02 -1.962238771432e-02 -1.466206424172e-02 3.513494391922e-02 -1.387628908720e-02 1.013205099806e-02 2.167987957501e-03 2.167987957501e-03 1.548566417178e-03 1.548566417178e-03 1.548566417178e-03 1.548566417178e-03 2.167987957501e-03 2.167987957501e-03
9.973768987563e-02 -5.450851749538e-03 2.049147790601e-02 1.721014721119e-02 -3.077265402415e-02 -2.597116947611e-02 5.451555466292e-02 -1.506996863186e-02 1.346323248511e-02 3.229946805379e-03 3.229946805379e-03 2.307110246573e-03 2.307110246573e-03 2.307110246573e-03 2.307110246573e-03 3.229946805379e-03 3.229946805379e-03
1.645318657091e-01 -2.053357524757e-02 3.863329583455e-02 2.746669324292e-02 -3.890988165177e-02 -4.360920160672e-02 7.408466096584e-02 -1.952261073164e-02 1.984544079273e-02 4.479132009041e-03 4.479132009041e-03 3.199372825675e-03 3.199372825675e-03 3.199372825675e-03 3.199372825675e-03 4.479132009041e-03 4.479132009041e-03
2.714212430550e-01 -3.341749804735e-02 5.044882580470e-02 3.443172981964e-02 -6.140318239665e-02 -7.134217624296e-02 9.699051565798e-02 -2.909667717531e-02 1.208196215992e-02 6.444612904092e-03 6.444612904092e-03 4.603300317081e-03 4.603300317081e-03 4.603300317081e-03 4.603300317081e-03 6.444612904092e-03 6.444612904092e-03
4.477498332132e-01 -5.673389606747e-02 5.733884114885e-02 5.496517940350e-02 -8.987568794355e-02 -1.157017158391e-01 1.169288219296e-01 -3.125934955804e-02 1.706387465724e-02 9.215020102474e-03 9.215020102474e-03 6.582151830466e-03 6.582151830466e-03 6.582151830466e-03 6.582151830466e-03 9.215020102474e-03 9.215020102474e-03
7.386288094781e-01 -8.265228678700e-02 5.007447362410e-02 8.200788330190e-02 -1.179373988351e-01 -1.810776306417e-01 1.278339183487e-01 -2.649229686549e-02 6.523529711550e-03 1.249062053230e-02 1.249062053230e-02 8.921871808783e-03 8.921871808783e-03 8.921871808783e-03 8.921871808783e-03 1.249062053230e-02 1.249062053230e-02
1.218479459483e+00 -1.004146003230e-01 2.613842786899e-02 1.384851740814e-01 -1.523370844096e-01 -2.341793429468e-01 1.206575154182e-01 -2.337194137823e-02 -1.610556323419e-03 1.630184994318e-02 1.630184994318e-02 1.164421263957e-02 1.164421263957e-02 1.164421263957e-02 1.164421263957e-02 1.630184994318e-02 1.630184994318e-02
2.010058331893e+00 -8.759652530522e-02 -2.123000350702e-02 2.553235181425e-01 -1.765738434135e-01 -3.077617260792e-01 1.358487495265e-01 -6.643111294316e-02 -5.831248354405e-04 2.262122639773e-02 2.262122639773e-02 1.615796499965e-02 1.615796499965e-02 1.615796499965e-02 1.615796499965e-02 2.262122639773e-02 2.262122639773e-02
3.315891742766e+00 -1.154343034724e-01 -3.613824294907e-02 2.898357983978e-01 -2.363734312561e-01 -3.121247699565e-01 1.243718832444e-01 -3.596545535312e-02 3.300406445414e-02 2.481405806994e-02 2.481405806994e-02 1.772436309673e-02 1.772436309673e-02 1.772436309673e-02 1.772436309673e-02 2.481405806994e-02 2.481405806994e-02
5.470040587701e+00 -1.070153378156e-01 -6.363848840153e-02 3.550464654269e-01 -2.909893912202e-01 -3.262481138900e-01 1.320888914387e-01 -5.337314591037e-02 7.469475825916e-02 2.813748610632e-02 2.813748610632e-02 2.009827616949e-02 2.009827616949e-02 2.009827616949e-02 2.009827616949e-02 2.813748610632e-02 2.813748610632e-02
9.023641941888e+00 -6.910812687514e-02 -7.040673561443e-02 5.660823236133e-01 -3.260030696630e-01 -3.568585360695e-01 1.396802359268e-01 -1.302629977884e-01 9.276545053002e-02 3.502360587557e-02 3.502360587557e-02 2.501687929165e-02 2.501687929165e-02 2.501687929165e-02 2.501687929165e-02 3.502360587557e-02 3.502360587557e-02
1.488580355800e+01 -3.816884277664e-02 -1.005410180114e-01 5.883687818978e-01 -4.187051856851e-01 -3.907399845199e-01 1.713927288092e-01 -1.574088715896e-01 1.701360917478e-01 3.885609758554e-02 3.885609758554e-02 2.775433746629e-02 2.775433746629e-02 2.775433746629e-02 2.775433746629e-02 3.885609758554e-02 3.885609758554e-02
2.455638883568e+01 -1.044969114808e-02 -1.138420186518e-01 7.202691777773e-01 -4.795502955628e-01 -4.315718925572e-01 2.134033624101e-01 -2.209406715046e-01 1.906255590345e-01 4.518138023428e-02 4.518138023428e-02 3.227245035697e-02 3.227245035697e-02 3.227245035697e-02 3.227245035697e-02 4.518138023428e-02 4.518138023428e-02
4.050944680299e+01 1.627797383902e-02 -1.349665903094e-01 8.842691107542e-01 -5.351753350873e-01 -4.880162594457e-01 2.691012868841e-01 -2.839974626104e-01 1.879149928930e-01 5.312734770115e-02 5.312734770115e-02 3.794805164495e-02 3.794805164495e-02 3.794805164495e-02 3.794805164495e-02 5.312734770115e-02 5.312734770115e-02
6.682615843146e+01 5.808339860775e-02 -2.047137171303e-01 1.048095627817e+00 -6.077825678600e-01 -5.778582695160e-01 3.603532437374e-01 -3.599171906770e-01 1.974239655369e-01 6.358420168048e-02 6.358420168048e-02 4.541725101071e-02 4.541725101071e-02 4.541725101071e-02 4.541725101071e-02 6.358420168048e-02 6.358420168048e-02
1.102399703675e+02 7.668175278071e-02 -2.504854654560e-01 1.301260243488e+00 -6.409226004442e-01 -7.084366832069e-01 4.424103872121e-01 -4.326174145923e-01 2.133430438312e-01 7.704881646635e-02 7.704881646635e-02 5.503492276041e-02 5.503492276041e-02 5.503492276041e-02 5.503492276041e-02 7.704881646635e-02 7.704881646635e-02
1.818568677337e+02 2.394861212573e-01 -3.416067320549e-01 1.453137398733e+00 -7.094281698483e-01 -8.563441219749e-01 6.178281245291e-01 -4.871428966880e-01 1.619277384625e-01 9.147124002045e-02 9.147124002045e-02 6.533658206265e-02 6.533658206265e-02 6.533658206265e-02 6.533658206265e-02 9.147124002045e-02 9.147124002045e-02
3.000003000003e+02 3.802370119605e-01 -3.882317369453e-01 1.636644108814e+00 -7.656928376371e-01 -1.061379538193e+00 7.789629250058e-01 -5.054797446885e-01 1.514762880225e-01 1.079653554340e-01 1.079653554340e-01 7.711805716844e-02 7.711805716844e-02 7.711805716844e-02 7.711805716844e-02 1.079653554340e-01 1.079653554340e-01
15 1015 0 4.146148 4.791907
24
3.000003000003e-03 2.004889033297e-04 4.919570732704e-04 2.290371840914e-03 -2.264736444861e-03 -3.098640798830e-03 3.762308530086e-03 -1.630109596095e-03 3.888826749431e-04 2.773573923778e-04 2.773573923778e-04 1.981126026466e-04 1.981126026466e-04 1.981126026466e-04 1.981126026466e-04 2.773573923778e-04 2.773573923778e-04
4.948951564611e-03 7.899245700927e-05 7.886277206453e-04 2.971657623772e-03 -2.838843652749e-03 -3.844995248729e-03 4.788365257119e-03 -1.513166951157e-03 2.545607394463e-04 3.516623418205e-04 3.516623418205e-04 2.511866689363e-04 2.511866689363e-04 2.511866689363e-04 2.511866689363e-04 3.516623418205e-04 3.516623418205e-04
8.163998399856e-03 -6.102179304850e-05 1.197536163800e-03 3.828344807665e-03 -3.522504479652e-03 -4.563867046094e-03 6.813611810812e-03 -1.588163050984e-03 -6.138734876968e-06 4.572223682552e-04 4.572223682552e-04 3.265874058966e-04 3.265874058966e-04 3.265874058966e-04 3.265874058966e-04 4.572223682552e-04 4.572223682552e-04
1.346779580667e-02 -1.007763861330e-04 1.636920568968e-03 4.633962261380e-03 -4.204506545635e-03 -4.988861700271e-03 1.018108497619e-02 -1.684245520701e-03 -5.631882884608e-05 5.895864632104e-04 5.895864632104e-04 4.211330084878e-04 4.211330084878e-04 4.211330084878e-04 4.211330084878e-04 5.895864632104e-04 5.895864632104e-04
2.221708760642e-02 -1.888687804226e-04 2.608740840429e-03 5.580147136789e-03 -5.230814600080e-03 -5.948002503783e-03 1.586956679405e-02 -2.069568142849e-03 -1.703534899594e-04 7.969667641850e-04 7.969667641850e-04 5.692616153787e-04 5.692616153787e-04 5.692616153787e-04 5.692616153787e-04 7.969667641850e-04 7.969667641850e-04
3.665030841235e-02 -3.719381808067e-04 4.561378904712e-03 6.891146317502e-03 -7.432002908744e-03 -8.307740710488e-03 2.489850408047e-02 -2.852465598495e-03 -1.447319169138e-03 1.141725141990e-03 1.141725141990e-03 8.155172404859e-04 8.155172404859e-04 8.155172404859e-04 8.155172404859e-04 1.141725141990e-03 1.141725141990e-03
6.046022321914e-02 -1.467953149687e-03 7.214328236962e-03 8.302136109194e-03 -1.012752710464e-02 -1.373893865639e-02 3.818027817390e-02 -1.976237708297e-03 -3.060891421504e-03 1.613609951478e-03 1.613609951478e-03 1.152578716290e-03 1.152578716290e-03 1.152578716290e-03 1.152578716290e-03 1.613609951478e-03 1.613609951478e-03
9.973768987563e-02 -3.235476008450e-03 1.029796478928e-02 1.057227609342e-02 -1.413113508326e-02 -2.594729337194e-02 5.470166261172e-02 -3.838209408597e-03 -5.253057076067e-03 2.288147593316e-03 2.288147593316e-03 1.634394728474e-03 1.634394728474e-03 1.634394728474e-03 1.634394728474e-03 2.288147593316e-03 2.288147593316e-03
1.645318657091e-01 -7.491190514338e-03 1.460451026430e-02 1.383268378117e-02 -1.977205318834e-02 -5.164137437600e-02 8.118792761931e-02 -1.621325703035e-03 -6.438216621449e-03 3.372977235712e-03 3.372977235712e-03 2.409274839667e-03 2.409274839667e-03 2.409274839667e-03 2.409274839667e-03 3.372977235712e-03 3.372977235712e-03
2.714212430550e-01 -1.341899886054e-02 1.926575411629e-02 1.857485505991e-02 -3.022765053060e-02 -7.683016161766e-02 1.041950672586e-01 1.710019146831e-03 -2.077120531589e-02 4.744018535221e-03 4.744018535221e-03 3.388584668015e-03 3.388584668015e-03 3.388584668015e-03 3.388584668015e-03 4.744018535221e-03 4.744018535221e-03
4.477498332132e-01 -2.248613791363e-02 2.138557517522e-02 2.667023667339e-02 -4.034395586628e-02 -1.232962019198e-01 1.226260373750e-01 6.979073212691e-03 -2.384230063033e-02 6.419404764639e-03 6.419404764639e-03 4.585292707991e-03 4.585292707991e-03 4.585292707991e-03 4.585292707991e-03 6.419404764639e-03 6.419404764639e-03
7.386288094781e-01 -3.248746095818e-02 2.018284784372e-02 4.169245309691e-02 -5.478824490525e-02 -1.799403741011e-01 1.312456879705e-01 2.857077456510e-02 -4.231989198168e-02 8.668068821485e-03 8.668068821485e-03 6.191475934436e-03 6.191475934436e-03 6.191475934436e-03 6.191475934436e-03 8.668068821485e-03 8.668068821485e-03
1.218479459483e+00 -4.063298239041e-02 1.470705184852e-02 6.384495387073e-02 -6.986550203206e-02 -2.395602628439e-01 1.280638829309e-01 5.744351901606e-02 -6.102908154346e-02 1.122384240977e-02 1.122384240977e-02 8.017030292696e-03 8.017030292696e-03 8.017030292696e-03 8.017030292696e-03 1.122384240977e-02 1.122384240977e-02
2.010058331893e+00 -3.266728572168e-02 1.795658962568e-03 1.009403772695e-01 -7.844255263119e-02 -2.991814082237e-01 1.057935096008e-01 9.814146954255e-02 -7.318654245803e-02 1.409883951078e-02 1.409883951078e-02 1.007062657849e-02 1.007062657849e-02 1.007062657849e-02 1.007062657849e-02 1.409883951078e-02 1.409883951078e-02
3.315891742766e+00 -4.300400519793e-02 -7.132835323528e-03 1.300518827621e-01 -9.885310311044e-02 -3.169640792801e-01 1.088519128809e-01 1.270108210735e-01 -4.960486835424e-02 1.637863046764e-02 1.637863046764e-02 1.169897688270e-02 1.169897688270e-02 1.169897688270e-02 1.169897688270e-02 1.637863046764e-02 1.637863046764e-02
5.470040587701e+00 -3.740882868189e-02 -1.604587297377e-02 1.672872955295e-01 -1.117313710435e-01 -3.403526082675e-01 1.116701728186e-01 1.290088740011e-01 -2.986033551755e-02 1.879074530706e-02 1.879074530706e-02 1.342201478949e-02 1.342201478949e-02 1.342201478949e-02 1.342201478949e-02 1.879074530706e-02 1.879074530706e-02
9.023641941888e+00 -2.486168461457e-02 -1.590952785260e-02 2.220527953040e-01 -9.809974919211e-02 -3.747781805656e-01 1.224029842966e-01 1.729182862018e-01 2.729805254928e-02 2.165587780714e-02 2.165587780714e-02 1.546844824404e-02 1.546844824404e-02 1.546844824404e-02 1.546844824404e-02 2.165587780714e-02 2.165587780714e-02
1.488580355800e+01 -1.613446588660e-02 -1.322924666427e-02 2.495982796906e-01 -1.191842341274e-01 -3.919991348555e-01 1.353548911614e-01 1.235066886276e-01 1.788207104794e-02 2.370784046476e-02 2.370784046476e-02 1.693418971250e-02 1.693418971250e-02 1.693418971250e-02 1.693418971250e-02 2.370784046476e-02 2.370784046476e-02
2.455638883568e+01 -1.445057222428e-02 -5.043563111556e-03 2.807289496136e-01 -1.184766217981e-01 -4.242859108750e-01 1.668424460098e-01 1.071485413441e-01 2.656455349652e-02 2.609029866953e-02 2.609029866953e-02 1.863592762109e-02 1.863592762109e-02 1.863592762109e-02 1.863592762109e-02 2.609029866953e-02 2.609029866953e-02
4.050944680299e+01 -1.935334171947e-02 2.854363120457e-03 3.086376021110e-01 -1.262229096359e-01 -4.766813931515e-01 2.090516282664e-01 9.627825377156e-02 3.088022215661e-02 2.916265062104e-02 2.916265062104e-02 2.083051858519e-02 2.083051858519e-02 2.083051858519e-02 2.083051858519e-02 2.916265062104e-02 2.916265062104e-02
6.682615843146e+01 -2.852113740117e-02 -6.810156058893e-03 3.274507155578e-01 -1.662279504867e-01 -5.561385545461e-01 2.700261717613e-01 8.330573805895e-02 3.065113722031e-02 3.335328389351e-02 3.335328389351e-02 2.382382806553e-02 2.382382806553e-02 2.382382806553e-02 2.382382806553e-02 3.335328389351e-02 3.335328389351e-02
1.102399703675e+02 -3.352117060492e-02 -2.050504958627e-02 3.730289417761e-01 -2.203588485452e-01 -6.606920146947e-01 3.230801318581e-01 8.451864415064e-02 4.579235717355e-02 3.951369575979e-02 3.951369575979e-02 2.822406839985e-02 2.822406839985e-02 2.822406839985e-02 2.822406839985e-02 3.951369575979e-02 3.951369575979e-02
1.818568677337e+02 -2.051183542641e-02 -4.958815508132e-02 4.506690059798e-01 -3.218574239973e-01 -7.976403216500e-01 3.691861456422e-01 4.943673031542e-02 4.648199959287e-02 4.883744010082e-02 4.883744010082e-02 3.488386783434e-02 3.488386783434e-02 3.488386783434e-02 3.488386783434e-02 4.883744010082e-02 4.883744010082e-02
3.000003000003e+02 3.006969125198e-03 -7.298849645715e-02 5.611726426143e-01 -3.990111696583e-01 -9.338308764572e-01 3.758651716237e-01 2.659370747634e-02 3.888826749431e-02 5.827830301598e-02 5.827830301598e-02 4.162735929713e-02 4.162735929713e-02 4.162735929713e-02 4.162735929713e-02 5.827830301598e-02 5.827830301598e-02
16 1016 0 -8.943158 5.434588
24
3.000003000003e-03 6.682946689164e-03 -3.480721297360e-03 1.369055812952e-02 -1.224435736737e-02 -2.163526895933e-03 1.679872423728e-03 -2.885841878846e-03 2.239968128380e-03 4.965086127069e-04 4.965086127069e-04 3.546481114784e-04 3.546481114784e-04 3.546481114784e-04 3.546481114784e-04 4.965086127069e-04 4.965086127069e-04
4.948951564611e-03 7.192450185723e-03 -3.708750658528e-03 1.769181619684e-02 -1.483020228054e-02 -2.447036783364e-03 2.031165314252e-03 -3.644398274612e-03 2.596853053828e-03 5.997828163269e-04 5.997828163269e-04 4.284164768959e-04 4.284164768959e-04 4.284164768959e-04 4.284164768959e-04 5.997828163269e-04 5.997828163269e-04
8.163998399856e-03 7.673892976700e-03 -4.849839942165e-03 2.216267953401e-02 -1.754868523554e-02 -2.693739771265e-03 2.734366847461e-03 -4.475311832374e-03 2.989250542632e-03 7.291661681723e-04 7.291661681723e-04 5.208333363051e-04 5.208333363051e-04 5.208333363051e-04 5.208333363051e-04 7.291661681723e-04 7.291661681723e-04
1.346779580667e-02 8.249947972033e-03 -6.911327908709e-03 2.732896582099e-02 -2.099501237653e-02 -2.856549668944e-03 4.016262313832e-03 -5.488902719758e-03 3.443034751887e-03 9.122833207648e-04 9.122833207648e-04 6.516304048447e-04 6.516304048447e-04 6.516304048447e-04 6.516304048447e-04 9.122833207648e-04 9.122833207648e-04
2.221708760642e-02 9.941959509774e-03 -9.685894575765e-03 3.296686799712e-02 -2.597318009541e-02 -3.328354053660e-03 6.142617885487e-03 -6.586914484929e-03 4.070285141103e-03 1.198644517688e-03 1.198644517688e-03 8.561744759716e-04 8.561744759716e-04 8.561744759716e-04 8.561744759716e-04 1.198644517688e-03 1.198644517688e-03
3.665030841235e-02 1.291910863750e-02 -1.370387848237e-02 3.945475948161e-02 -3.450071919431e-02 -4.523101739821e-03 9.585036885214e-03 -7.590741302345e-03 4.977627364942e-03 1.649826231589e-03 1.649826231589e-03 1.178444076925e-03 1.178444076925e-03 1.178444076925e-03 1.178444076925e-03 1.649826231589e-03 1.649826231589e-03
6.046022321914e-02 1.487443590510e-02 -1.865879841561e-02 4.788088796966e-02 -4.414276970300e-02 -5.917466223190e-03 1.449505717625e-02 -8.776026511432e-03 6.264637344153e-03 2.235192907547e-03 2.235192907547e-03 1.596569952925e-03 1.596569952925e-03 1.596569952925e-03 1.596569952925e-03 2.235192907547e-03 2.235192907547e-03
9.973768987563e-02 1.767171000385e-02 -2.540203855098e-02 5.843299503824e-02 -5.571388376470e-02 -9.172633734392e-03 2.074871151249e-02 -1.117660542263e-02 7.011796041771e-03 2.995785055351e-03 2.995785055351e-03 2.139851853696e-03 2.139851853696e-03 2.139851853696e-03 2.139851853696e-03 2.995785055351e-03 2.995785055351e-03
1.645318657091e-01 2.825322237968e-02 -3.785330121052e-02 7.350359198863e-02 -7.740406776362e-02 -1.592674378034e-02 3.101882922448e-02 -1.349288911976e-02 8.480641403771e-03 4.270580522325e-03 4.270580522325e-03 3.050411068412e-03 3.050411068412e-03 3.050411068412e-03 3.050411068412e-03 4.270580522325e-03 4.270580522325e-03
2.714212430550e-01 4.001810987625e-02 -5.044442757499e-02 9.596736176256e-02 -1.073531218577e-01 -2.651994288084e-02 4.207949731183e-02 -1.607917385590e-02 1.243405929816e-02 5.924076134133e-03 5.924076134133e-03 4.231486543344e-03 4.231486543344e-03 4.231486543344e-03 4.231486543344e-03 5.924076134133e-03 5.924076134133e-03
4.477498332132e-01 5.427541132048e-02 -6.698818015250e-02 1.279583254178e-01 -1.427137577932e-01 -4.039233639315e-02 5.469500243529e-02 -2.026402659789e-02 1.564261814075e-02 7.991294365678e-03 7.991294365678e-03 5.708072789643e-03 5.708072789643e-03 5.708072789643e-03 5.708072789643e-03 7.991294365678e-03 7.991294365678e-03
7.386288094781e-01 7.510014937518e-02 -8.290851508383e-02 1.696761625833e-01 -1.891439839391e-01 -6.121167090849e-02 6.781592698486e-02 -2.397764044185e-02 2.020823191236e-02 1.066511643952e-02 1.066511643952e-02 7.617947494725e-03 7.617947494725e-03 7.617947494725e-03 7.617947494725e-03 1.066511643952e-02 1.066511643952e-02
1.218479459483e+00 9.946646766013e-02 -1.026502833190e-01 2.301530778020e-01 -2.434621209197e-01 -8.672353953864e-02 8.060560200504e-02 -2.897867895524e-02 2.453985986313e-02 1.394163421439e-02 1.394163421439e-02 9.958283225202e-03 9.958283225202e-03 9.958283225202e-03 9.958283225202e-03 1.394163421439e-02 1.394163421439e-02
2.010058331893e+00 1.282511218531e-01 -1.284823430724e-01 3.272320607091e-01 -3.021458150517e-01 -1.183809917177e-01 9.002045253302e-02 -3.546657043973e-02 3.146606635465e-02 1.801577723128e-02 1.801577723128e-02 1.286846616393e-02 1.286846616393e-02 1.286846616393e-02 1.286846616393e-02 1.801577723128e-02 1.801577723128e-02
3.315891742766e+00 1.706500563059e-01 -1.569966946334e-01 4.270040168389e-01 -3.691522164415e-01 -1.479174918646e-01 9.879278453150e-02 -4.993109133539e-02 4.060810097660e-02 2.218039811658e-02 2.218039811658e-02 1.584317741576e-02 1.584317741576e-02 1.584317741576e-02 1.584317741576e-02 2.218039811658e-02 2.218039811658e-02
5.470040587701e+00 2.314059449522e-01 -1.963545673976e-01 5.709869780641e-01 -4.297836980188e-01 -1.818115066856e-01 1.076440333374e-01 -7.029300996037e-02 4.646604030219e-02 2.720104016814e-02 2.720104016814e-02 1.942936826169e-02 1.942936826169e-02 1.942936826169e-02 1.942936826169e-02 2.720104016814e-02 2.720104016814e-02
9.023641941888e+00 3.115127877076e-01 -2.282153434533e-01 7.458668747188e-01 -4.373725292328e-01 -2.184588133083e-01 1.133128487853e-01 -8.650978557449e-02 4.313494677973e-02 3.229016893954e-02 3.229016893954e-02 2.306444228930e-02 2.306444228930e-02 2.306444228930e-02 2.306444228930e-02 3.229016893954e-02 3.229016893954e-02
1.488580355800e+01 4.115360712496e-01 -2.251755384016e-01 9.070896397898e-01 -4.711094644211e-01 -2.514668990010e-01 1.191531951920e-01 -1.101520295846e-01 3.277686447343e-02 3.733217382114e-02 3.733217382114e-02 2.666583844367e-02 2.666583844367e-02 2.666583844367e-02 2.666583844367e-02 3.733217382114e-02 3.733217382114e-02
2.455638883568e+01 4.951263119393e-01 -2.027671863221e-01 1.064815183919e+00 -4.576295186631e-01 -2.822168078943e-01 1.289309625033e-01 -1.213954127007e-01 1.799215245452e-02 4.197683006391e-02 4.197683006391e-02 2.998348594957e-02 2.998348594957e-02 2.998348594957e-02 2.998348594957e-02 4.197683006391e-02 4.197683006391e-02
4.050944680299e+01 5.570747491569e-01 -1.669090477740e-01 1.202326464278e+00 -4.338300693566e-01 -3.135372300136e-01 1.488524298383e-01 -1.250943238911e-01 1.063278316793e-03 4.662412524451e-02 4.662412524451e-02 3.330301841106e-02 3.330301841106e-02 3.330301841106e-02 3.330301841106e-02 4.662412524451e-02 4.662412524451e-02
6.682615843146e+01 5.961737546864e-01 -1.320285728598e-01 1.340969974629e+00 -4.345802816823e-01 -3.573247484193e-01 1.896981608832e-01 -1.217465170957e-01 -1.612793137388e-02 5.286169462636e-02 5.286169462636e-02 3.775829944867e-02 3.775829944867e-02 3.775829944867e-02 3.775829944867e-02 5.286169462636e-02 5.286169462636e-02
1.102399703675e+02 6.194655226201e-01 -1.254230601463e-01 1.467186601080e+00 -4.454451657154e-01 -4.153952036653e-01 2.376665107923e-01 -1.139131443095e-01 -2.875587720425e-02 5.996395597019e-02 5.996395597019e-02 4.283146892939e-02 4.283146892939e-02 4.283146892939e-02 4.283146892939e-02 5.996395597019e-02 5.996395597019e-02
1.818568677337e+02 6.642621205862e-01 -1.340429620692e-01 1.625899861939e+00 -4.569195187234e-01 -5.030770546270e-01 2.919607716687e-01 -1.058593573828e-01 -4.220051146085e-02 6.937968614411e-02 6.937968614411e-02 4.955686481849e-02 4.955686481849e-02 4.955686481849e-02 4.955686481849e-02 6.937968614411e-02 6.937968614411e-02
3.000003000003e+02 7.232951598213e-01 -1.251193309686e-01 1.774798787348e+00 -4.503359971585e-01 -5.954386220055e-01 3.394365198498e-01 -9.674936700589e-02 -6.230733276235e-02 7.841817387220e-02 7.841817387220e-02 5.601296338533e-02 5.601296338533e-02 5.601296338533e-02 5.601296338533e-02 7.841817387220e-02 7.841817387220e-02
17 1017 0 -3.466186 0.900306
24
3.000003000003e-03 7.957804987990e-04 5.800825171147e-04 4.822633749784e-03 -4.420786350278e-03 -9.506446803392e-04 1.746662683543e-03 1.226393577278e-03 -1.501781819381e-03 2.524860316578e-04 2.524860316578e-04 1.803462678720e-04 1.803462678720e-04 1.803462678720e-04 1.803462678720e-04 2.524860316578e-04 2.524860316578e-04
4.948951564611e-03 5.307984682023e-04 9.713176166369e-04 6.171344608712e-03 -5.442645909526e-03 -1.336973868774e-03 2.351456968471e-03 1.677761273464e-03 -1.973058416531e-03 3.302467330195e-04 3.302467330195e-04 2.358908826245e-04 2.358908826245e-04 2.358908826245e-04 2.358908826245e-04 3.302467330195e-04 3.302467330195e-04
8.163998399856e-03 2.405228468330e-04 1.339725903938e-03 7.820617919993e-03 -6.551100328678e-03 -1.658861452060e-03 3.194773534030e-03 2.294493610476e-03 -2.438001562892e-03 4.242054861030e-04 4.242054861030e-04 3.030040981646e-04 3.030040981646e-04 3.030040981646e-04 3.030040981646e-04 4.242054861030e-04 4.242054861030e-04
1.346779580667e-02 6.218292569327e-05 1.671654017346e-03 9.599626441498e-03 -7.982912596478e-03 -1.821482854181e-03 4.713507387369e-03 2.851912678188e-03 -3.003940629880e-03 5.560053510176e-04 5.560053510176e-04 3.971475768962e-04 3.971475768962e-04 3.971475768962e-04 3.971475768962e-04 5.560053510176e-04 5.560053510176e-04
2.221708760642e-02 -5.271441676276e-05 2.633358360463e-03 1.151893849091e-02 -1.005429029670e-02 -2.171142116525e-03 7.341210881056e-03 3.488688376329e-03 -3.966072229598e-03 7.573299179932e-04 7.573299179932e-04 5.409495823846e-04 5.409495823846e-04 5.409495823846e-04 5.409495823846e-04 7.573299179932e-04 7.573299179932e-04
3.665030841235e-02 8.913376942247e-05 4.577928814811e-03 1.399579527174e-02 -1.335063780440e-02 -2.977475853366e-03 1.209578516759e-02 4.444675020816e-03 -5.487193693354e-03 1.086565058178e-03 1.086565058178e-03 7.761178986987e-04 7.761178986987e-04 7.761178986987e-04 7.761178986987e-04 1.086565058178e-03 1.086565058178e-03
6.046022321914e-02 -1.249652672648e-03 7.481074585993e-03 1.699362864550e-02 -1.773190291910e-02 -5.539771388005e-03 1.884478070071e-02 5.656952793984e-03 -7.339539553764e-03 1.537482878296e-03 1.537482878296e-03 1.098197747456e-03 1.098197747456e-03 1.098197747456e-03 1.098197747456e-03 1.537482878296e-03 1.537482878296e-03
9.973768987563e-02 -3.116346815026e-03 1.040345947059e-02 2.201175742294e-02 -2.423060148231e-02 -1.009699082404e-02 2.819692503932e-02 7.155341693299e-03 -1.046783698724e-02 2.191851495298e-03 2.191851495298e-03 1.565606415731e-03 1.565606415731e-03 1.565606415731e-03 1.565606415731e-03 2.191851495298e-03 2.191851495298e-03
1.645318657091e-01 -6.823061721514e-03 1.437982355772e-02 2.795992328954e-02 -3.349641485481e-02 -1.932770632342e-02 4.016538773985e-02 9.046517638907e-03 -1.555993142211e-02 3.087029472382e-03 3.087029472382e-03 2.205021051702e-03 2.205021051702e-03 2.205021051702e-03 2.205021051702e-03 3.087029472382e-03 3.087029472382e-03
2.714212430550e-01 -1.323804312370e-02 1.852207630333e-02 3.783985519396e-02 -4.580932177388e-02 -3.455161299530e-02 5.323127158613e-02 1.330552453390e-02 -2.219359280573e-02 4.298415033236e-03 4.298415033236e-03 3.070291066724e-03 3.070291066724e-03 3.070291066724e-03 3.070291066724e-03 4.298415033236e-03 4.298415033236e-03
4.477498332132e-01 -2.195030787063e-02 2.127850969759e-02 5.246183271341e-02 -6.023199665539e-02 -5.547424307709e-02 6.542680860366e-02 2.014854165195e-02 -3.086577083040e-02 5.794240392945e-03 5.794240392945e-03 4.138746728210e-03 4.138746728210e-03 4.138746728210e-03 4.138746728210e-03 5.794240392945e-03 5.794240392945e-03
7.386288094781e-01 -3.426032452446e-02 2.059653276435e-02 7.357195304477e-02 -7.721469255846e-02 -8.434836982882e-02 7.469161666651e-02 3.122893894116e-02 -3.954222142109e-02 7.673264658169e-03 7.673264658169e-03 5.480910508047e-03 5.480910508047e-03 5.480910508047e-03 5.480910508047e-03 7.673264658169e-03 7.673264658169e-03
1.218479459483e+00 -4.645297127675e-02 1.252629645847e-02 1.026394762403e-01 -9.541117419917e-02 -1.166825210655e-01 7.478699541947e-02 4.967423472003e-02 -5.009633910897e-02 9.755361472521e-03 9.755361472521e-03 6.968115337515e-03 6.968115337515e-03 6.968115337515e-03 6.968115337515e-03 9.755361472521e-03 9.755361472521e-03
2.010058331893e+00 -5.710460400060e-02 -3.503642357360e-03 1.441626603250e-01 -1.069455944587e-01 -1.481688192768e-01 6.705327395228e-02 7.332037430507e-02 -5.174756020769e-02 1.196016889592e-02 1.196016889592e-02 8.542970602019e-03 8.542970602019e-03 8.542970602019e-03 8.542970602019e-03 1.196016889592e-02 1.196016889592e-02
3.315891742766e+00 -5.376772994766e-02 -2.075273275108e-02 1.833571702712e-01 -1.194125650815e-01 -1.674192424210e-01 6.093684438315e-02 9.451016542612e-02 -5.109662220987e-02 1.382124838391e-02 1.382124838391e-02 9.872278984717e-03 9.872278984717e-03 9.872278984717e-03 9.872278984717e-03 1.382124838391e-02 1.382124838391e-02
5.470040587701e+00 -3.829237019978e-02 -3.774058086610e-02 2.303541397318e-01 -1.245470584508e-01 -1.812812058457e-01 5.580272800495e-02 1.147391318500e-01 -4.450606347746e-02 1.560077212661e-02 1.560077212661e-02 1.114337993873e-02 1.114337993873e-02 1.114337993873e-02 1.114337993873e-02 1.560077212661e-02 1.560077212661e-02
9.023641941888e+00 -1.906356121310e-02 -4.742585968971e-02 2.829255511970e-01 -1.143968239145e-01 -1.963055585522e-01 5.504120594572e-02 1.327461126218e-01 -2.953285589934e-02 1.746059497753e-02 1.746059497753e-02 1.247182124186e-02 1.247182124186e-02 1.247182124186e-02 1.247182124186e-02 1.746059497753e-02 1.746059497753e-02
1.488580355800e+01 1.073756156611e-02 -4.209947784111e-02 3.214590700489e-01 -1.065709909507e-01 -2.041670800086e-01 6.348781761787e-02 1.406704659313e-01 -2.181660168730e-02 1.883636123239e-02 1.883636123239e-02 1.345456168938e-02 1.345456168938e-02 1.345456168938e-02 1.345456168938e-02 1.883636123239e-02 1.883636123239e-02
2.455638883568e+01 2.699997823831e-02 -2.722127202482e-02 3.536591381111e-01 -8.651456079532e-02 -2.222588837820e-01 7.785532613238e-02 1.450121469785e-01 -8.057217545921e-03 2.049738410020e-02 2.049738410020e-02 1.464095273908e-02 1.464095273908e-02 1.464095273908e-02 1.464095273908e-02 2.049738410020e-02 2.049738410020e-02
4.050944680299e+01 3.027728769453e-02 -9.559401489161e-03 3.736095080985e-01 -6.620718021881e-02 -2.493745982937e-01 9.385784512753e-02 1.421784304050e-01 4.639516597192e-03 2.225730430474e-02 2.225730430474e-02 1.589809245534e-02 1.589809245534e-02 1.589809245534e-02 1.589809245534e-02 2.225730430474e-02 2.225730430474e-02
6.682615843146e+01 2.139876986437e-02 2.986485941097e-03 3.827427462610e-01 -5.625524301077e-02 -2.896447895645e-01 1.099478260622e-01 1.328039179267e-01 1.082748651423e-02 2.423374307497e-02 2.423374307497e-02 1.730979853016e-02 1.730979853016e-02 1.730979853016e-02 1.730979853016e-02 2.423374307497e-02 2.423374307497e-02
1.102399703675e+02 6.937516225069e-03 -4.260527425834e-04 3.884478785199e-01 -6.033931346044e-02 -3.317459010338e-01 1.154721282479e-01 1.250429274352e-01 9.683217938824e-03 2.601188451690e-02 2.601188451690e-02 1.858000727186e-02 1.858000727186e-02 1.858000727186e-02 1.858000727186e-02 2.601188451690e-02 2.601188451690e-02
1.818568677337e+02 -3.512137223895e-05 -2.478251647970e-02 4.011436827516e-01 -7.804495266495e-02 -3.731847647717e-01 1.088800615511e-01 1.216208533895e-01 4.271183708115e-03 2.790061002024e-02 2.790061002024e-02 1.992900715731e-02 1.992900715731e-02 1.992900715731e-02 1.992900715731e-02 2.790061002024e-02 2.790061002024e-02
3.000003000003e+02 1.526361640303e-02 -4.974259577617e-02 4.243939816623e-01 -9.933590306945e-02 -3.957552230321e-01 1.051041185089e-01 1.244215204084e-01 2.334504934512e-03 2.957243996677e-02 2.957243996677e-02 2.112318935679e-02 2.112318935679e-02 2.112318935679e-02 2.112318935679e-02 2.957243996677e-02 2.957243996677e-02
18 1018 0 4.719979 9.253883
24
3.000003000003e-03 2.962509305965e-04 3.259012820610e-04 1.798486395956e-03 -1.899055059983e-03 -6.610426164348e-04 6.507495022646e-04 -3.972719839653e-04 1.395759350507e-04 1.090332456088e-04 1.090332456088e-04 7.788083586473e-05 7.788083586473e-05 7.788083586473e-05 7.788083586473e-05 1.090332456088e-04 1.090332456088e-04
4.948951564611e-03 2.390437850116e-04 3.287651579240e-04 2.332494315214e-03 -2.141724242917e-03 -7.571062365963e-04 9.152464709556e-04 -3.954033646549e-04 1.110013905745e-04 1.357595282952e-04 1.357595282952e-04 9.697091211983e-05 9.697091211983e-05 9.697091211983e-05 9.697091211983e-05 1.357595282952e-04 1.357595282952e-04
8.163998399856e-03 8.395064419888e-05 6.477084405759e-04 3.044517440594e-03 -2.678836055716e-03 -8.958125788005e-04 1.265483786348e-03 -4.289304414540e-04 5.838197557355e-05 1.755245514672e-04 1.755245514672e-04 1.253748052832e-04 1.253748052832e-04 1.253748052832e-04 1.253748052832e-04 1.755245514672e-04 1.755245514672e-04
1.346779580667e-02 -6.665441734898e-05 7.485196355555e-04 3.764834370580e-03 -3.328278655437e-03 -9.062489495957e-04 1.964123727024e-03 -4.936233740138e-04 -6.691630051258e-05 2.307864228810e-04 2.307864228810e-04 1.648469063562e-04 1.648469063562e-04 1.648469063562e-04 1.648469063562e-04 2.307864228810e-04 2.307864228810e-04
2.221708760642e-02 7.908218089546e-05 1.134832487708e-03 4.422030420969e-03 -4.315015208817e-03 -1.147085955694e-03 3.016896557984e-03 -5.346173882320e-04 -9.329562570624e-05 3.125934955804e-04 3.125934955804e-04 2.232805297130e-04 2.232805297130e-04 2.232805297130e-04 2.232805297130e-04 3.125934955804e-04 3.125934955804e-04
3.665030841235e-02 -4.942102235215e-05 2.007590802979e-03 5.288971763283e-03 -5.560204306624e-03 -1.613823579778e-03 4.777470213796e-03 -4.247018577423e-04 3.268475297683e-05 4.354486178917e-04 4.354486178917e-04 3.110352656242e-04 3.110352656242e-04 3.110352656242e-04 3.110352656242e-04 4.354486178917e-04 4.354486178917e-04
6.046022321914e-02 -6.440302638971e-04 4.050304611826e-03 3.898440022951e-03 -8.169121076241e-03 -8.617489179762e-04 7.527142900666e-03 -2.855091969953e-03 -1.143079796742e-03 5.796829065292e-04 5.796829065292e-04 4.140593984690e-04 4.140593984690e-04 4.140593984690e-04 4.140593984690e-04 5.796829065292e-04 5.796829065292e-04
9.973768987563e-02 -7.636570855975e-04 3.050850891384e-03 6.342234682696e-03 -9.657645374624e-03 -3.190036012308e-03 7.535160245118e-03 -1.165049582487e-03 -5.976716660637e-04 6.806273050373e-04 6.806273050373e-04 4.861627197801e-04 4.861627197801e-04 4.861627197801e-04 4.861627197801e-04 6.806273050373e-04 6.806273050373e-04
1.645318657091e-01 -2.656417650540e-03 4.077033282123e-03 8.758094300566e-03 -1.176844377946e-02 -6.507985111100e-03 1.044375982115e-02 -1.061972670886e-03 -7.193807353749e-04 9.404998493422e-04 9.404998493422e-04 6.717856066730e-04 6.717856066730e-04 6.717856066730e-04 6.717856066730e-04 9.404998493422e-04 9.404998493422e-04
2.714212430550e-01 -5.631845185496e-03 5.293420258481e-03 1.049671450692e-02 -1.822375066494e-02 -1.214703082696e-02 1.768000380846e-02 -2.089020884560e-03 -1.128536736030e-03 1.486777572867e-03 1.486777572867e-03 1.061980210708e-03 1.061980210708e-03 1.061980210708e-03 1.061980210708e-03 1.486777572867e-03 1.486777572867e-03
4.477498332132e-01 -1.023890284739e-02 4.369879982920e-03 1.520455446114e-02 -2.749873748799e-02 -2.147416808805e-02 2.278107063195e-02 -9.567720426508e-04 -2.314725467165e-03 2.195508309147e-03 2.195508309147e-03 1.568220220819e-03 1.568220220819e-03 1.568220220819e-03 1.568220220819e-03 2.195508309147e-03 2.195508309147e-03
7.386288094781e-01 -1.723917552731e-02 3.509661648884e-03 2.554755712270e-02 -4.288047777479e-02 -3.062248589531e-02 2.741630209676e-02 -3.709982162848e-04 -6.940180295640e-03 3.170608403338e-03 3.170608403338e-03 2.264711312120e-03 2.264711312120e-03 2.264711312120e-03 2.264711312120e-03 3.170608403338e-03 3.170608403338e-03
1.218479459483e+00 -2.067947081040e-02 -1.005386304009e-02 3.970684087613e-02 -6.084887978885e-02 -4.257662293333e-02 2.456574658660e-02 1.792152945167e-03 -1.165506998378e-02 4.183369910261e-03 4.183369910261e-03 2.988119569277e-03 2.988119569277e-03 2.988119569277e-03 2.988119569277e-03 4.183369910261e-03 4.183369910261e-03
2.010058331893e+00 -1.764758257228e-02 -2.627112874267e-02 6.496662811176e-02 -8.077952057434e-02 -5.204261858972e-02 2.404889176323e-02 8.275118412374e-03 -1.785065512140e-02 5.396376532924e-03 5.396376532924e-03 3.854558256766e-03 3.854558256766e-03 3.854558256766e-03 3.854558256766e-03 5.396376532924e-03 5.396376532924e-03
3.315891742766e+00 -3.323277239932e-04 -3.829174188125e-02 1.029203346235e-01 -9.378496017797e-02 -5.788233667792e-02 2.107493449364e-02 1.700858262654e-02 -2.079256814593e-02 6.482940334465e-03 6.482940334465e-03 4.630669872280e-03 4.630669872280e-03 4.630669872280e-03 4.630669872280e-03 6.482940334465e-03 6.482940334465e-03
5.470040587701e+00 2.081091504703e-02 -4.001195235465e-02 1.441500939544e-01 -9.644400419997e-02 -6.340450258069e-02 2.169332559157e-02 2.568767215505e-02 -2.055506374132e-02 7.546570509635e-03 7.546570509635e-03 5.390407506882e-03 5.390407506882e-03 5.390407506882e-03 5.390407506882e-03 7.546570509635e-03 7.546570509635e-03
9.023641941888e+00 4.067344610379e-02 -4.203187076720e-02 1.694926935724e-01 -9.348676020329e-02 -6.855030568357e-02 2.631310042053e-02 3.231806628230e-02 -2.057994515514e-02 8.345251326772e-03 8.345251326772e-03 5.960895600033e-03 5.960895600033e-03 5.960895600033e-03 5.960895600033e-03 8.345251326772e-03 8.345251326772e-03
1.488580355800e+01 5.366719898274e-02 -1.668248530909e-02 2.066476815678e-01 -8.000618612673e-02 -7.494319540621e-02 2.809413212770e-02 3.709982162848e-02 -2.207345830265e-02 9.322236376556e-03 9.322236376556e-03 6.658743859360e-03 6.658743859360e-03 6.658743859360e-03 6.658743859360e-03 9.322236376556e-03 9.322236376556e-03
2.455638883568e+01 5.624443593204e-02 2.799862771103e-04 2.287896265903e-01 -7.142913552761e-02 -8.299497171365e-02 3.456317405626e-02 4.482524929107e-02 -2.509805804582e-02 1.027555895047e-02 1.027555895047e-02 7.339677783841e-03 7.339677783841e-03 7.339677783841e-03 7.339677783841e-03 1.027555895047e-02 1.027555895047e-02
4.050944680299e+01 4.961127720325e-02 1.997047618034e-02 2.490554124801e-01 -7.010061882626e-02 -9.452775834498e-02 4.442965994413e-02 5.482883428234e-02 -3.121536726089e-02 1.150733973083e-02 1.150733973083e-02 8.219524788776e-03 8.219524788776e-03 8.219524788776e-03 8.219524788776e-03 1.150733973083e-02 1.150733973083e-02
6.682615843146e+01 3.073520623972e-02 2.798656399524e-02 2.757024013679e-01 -5.820139682782e-02 -1.110946330444e-01 4.810494635771e-02 7.094809486049e-02 -2.190569725495e-02 1.292878474288e-02 1.292878474288e-02 9.234824702563e-03 9.234824702563e-03 9.234824702563e-03 9.234824702563e-03 1.292878474288e-02 1.292878474288e-02
1.102399703675e+02 9.943429775136e-03 2.320581395871e-02 2.936082228563e-01 -4.573392355019e-02 -1.258710512587e-01 4.829683483699e-02 7.746225005956e-02 -1.103042083328e-02 1.401074925277e-02 1.401074925277e-02 1.000763136260e-02 1.000763136260e-02 1.000763136260e-02 1.000763136260e-02 1.401074925277e-02 1.401074925277e-02
1.818568677337e+02 -8.524724231887e-04 1.065776511271e-02 3.101493364959e-01 -2.525564033333e-02 -1.332324311646e-01 6.574888468251e-02 8.470173617050e-02 1.009416339066e-02 1.505111907594e-02 1.505111907594e-02 1.075083165348e-02 1.075083165348e-02 1.075083165348e-02 1.075083165348e-02 1.505111907594e-02 1.505111907594e-02
3.000003000003e+02 -9.207555678330e-03 -1.464786424292e-02 3.103893541747e-01 -1.145633283251e-02 -1.502347306058e-01 7.479202196772e-02 7.955894899657e-02 2.220364590222e-02 1.598178448364e-02 1.598178448364e-02 1.141552982713e-02 1.141552982713e-02 1.141552982713e-02 1.141552982713e-02 1.598178448364e-02 1.598178448364e-02
19 1019 0 6.278933 -6.457571
23
4.948951564611e-03 3.425630328586e-03 -1.517351552572e-03 1.153856716181e-02 -9.982624285082e-03 -7.139294438024e-04 1.489818634556e-03 2.043166198189e-03 -2.217612555057e-03 3.514386604235e-04 3.514386604235e-04 2.510283326666e-04 2.510283326666e-04 2.510283326666e-04 2.510283326666e-04 3.514386604235e-04 3.514386604235e-04
8.163998399856e-03 3.141906812855e-03 -7.426863263163e-04 1.395030501012e-02 -1.207351755886e-02 -6.080175589905e-04 2.016487793374e-03 2.156954684102e-03 -2.202093087348e-03 4.363508833018e-04 4.363508833018e-04 3.116786637997e-04 3.116786637997e-04 3.116786637997e-04 3.116786637997e-04 4.363508833018e-04 4.363508833018e-04
1.346779580667e-02 2.384632186893e-03 -1.688329591151e-03 1.757494895012e-02 -1.522051375182e-02 -1.286632988092e-03 2.991864347720e-03 2.790739586037e-03 -3.103478851516e-03 6.091171164192e-04 6.091171164192e-04 4.350841931439e-04 4.350841931439e-04 4.350841931439e-04 4.350841931439e-04 6.091171164192e-04 6.091171164192e-04
2.221708760642e-02 3.597550844961e-03 -3.335780778693e-03 2.057868851807e-02 -1.933160189831e-02 -1.531626949590e-03 4.486118911103e-03 3.711201100797e-03 -3.628149957407e-03 8.098322144200e-04 8.098322144200e-04 5.784514022090e-04 5.784514022090e-04 5.784514022090e-04 5.784514022090e-04 8.098322144200e-04 8.098322144200e-04
3.665030841235e-02 3.876034184146e-03 -1.433332798644e-03 2.588345620922e-02 -2.895191258583e-02 -1.092016349751e-03 7.953193129975e-03 3.857574185714e-03 -5.719571018755e-03 1.235972921598e-03 1.235972921598e-03 8.828378011412e-04 8.828378011412e-04 8.828378011412e-04 8.828378011412e-04 1.235972921598e-03 1.235972921598e-03
6.046022321914e-02 -3.062110359454e-02 2.611417477370e-02 4.075248857495e-02 -5.921236134374e-02 -3.067652128895e-03 6.342611673815e-03 1.094938030919e-02 -1.605781102585e-03 1.575295087475e-03 1.575295087475e-03 1.125207904454e-03 1.125207904454e-03 1.125207904454e-03 1.125207904454e-03 1.575295087475e-03 1.575295087475e-03
9.973768987563e-02 -8.696116960696e-03 3.724219860754e-03 2.760994986793e-02 -5.732313318558e-02 -6.268394688966e-03 2.421137493527e-02 6.037047805956e-03 -3.495122358084e-03 2.792348081476e-03 2.792348081476e-03 1.994534343911e-03 1.994534343911e-03 1.994534343911e-03 1.994534343911e-03 2.792348081476e-03 2.792348081476e-03
1.645318657091e-01 -1.969615230983e-02 -2.013333634350e-02 6.043129929333e-02 -7.493615823867e-02 -3.177054951464e-02 1.703735961524e-02 2.080262124242e-02 -2.498320141841e-02 4.123755048067e-03 4.123755048067e-03 2.945544705635e-03 2.945544705635e-03 2.945544705635e-03 2.945544705635e-03 4.123755048067e-03 4.123755048067e-03
2.714212430550e-01 1.270824493860e-02 -8.908538889561e-03 6.428339454146e-02 -9.236684525414e-02 -1.591543404679e-02 3.087783454619e-02 1.004227684639e-02 -2.370218559798e-02 4.376678389422e-03 4.376678389422e-03 3.126198849587e-03 3.126198849587e-03 3.126198849587e-03 3.126198849587e-03 4.376678389422e-03 4.376678389422e-03
4.477498332132e-01 1.396098642514e-02 -9.857488366504e-03 9.987072780279e-02 -1.229871948664e-01 -3.816130295427e-02 5.593002533927e-02 2.273143346802e-02 -4.003922137888e-02 7.250004163137e-03 7.250004163137e-03 5.178576197436e-03 5.178576197436e-03 5.178576197436e-03 5.178576197436e-03 7.250004163137e-03 7.250004163137e-03
7.386288094781e-01 1.852144798480e-02 -3.470366607973e-02 1.740065338970e-01 -1.591593670162e-01 -5.147260801865e-02 5.664165890716e-02 4.282606539003e-02 -5.331307865883e-02 9.404118847479e-03 9.404118847479e-03 6.717227748200e-03 6.717227748200e-03 6.717227748200e-03 6.717227748200e-03 9.404118847479e-03 9.404118847479e-03
1.218479459483e+00 1.415538817854e-02 1.058760706557e-02 2.167535568159e-01 -2.363583516114e-01 -8.305868321267e-02 7.164527710218e-02 6.120249745794e-02 -7.026322766201e-02 1.312896702676e-02 1.312896702676e-02 9.377792301042e-03 9.377792301042e-03 9.377792301042e-03 9.377792301042e-03 1.312896702676e-02 1.312896702676e-02
2.010058331893e+00 -6.201152039809e-02 -7.818506769730e-03 3.341096353463e-01 -3.130760442120e-01 -1.404166252448e-01 6.971294629281e-02 1.154895955031e-01 -8.368587077003e-02 1.875430283228e-02 1.875430283228e-02 1.339587673861e-02 1.339587673861e-02 1.339587673861e-02 1.339587673861e-02 1.875430283228e-02 1.875430283228e-02
3.315891742766e+00 2.445001031324e-02 -3.631203585466e-02 3.718539861236e-01 -3.365701307126e-01 -1.623248357739e-01 9.117932323108e-02 1.336219886537e-01 -1.020703453151e-01 2.139060172347e-02 2.139060172347e-02 1.527894737517e-02 1.527894737517e-02 1.527894737517e-02 1.527894737517e-02 2.139060172347e-02 2.139060172347e-02
5.470040587701e+00 3.093739914290e-02 -3.997877713623e-02 4.839422420925e-01 -4.054916469841e-01 -1.679759326392e-01 1.032148903507e-01 1.601181810940e-01 -1.054535892756e-01 2.469681383211e-02 2.469681383211e-02 1.764054540473e-02 1.764054540473e-02 1.764054540473e-02 1.764054540473e-02 2.469681383211e-02 2.469681383211e-02
9.023641941888e+00 4.500004750631e-02 -5.609652974991e-02 6.336718045997e-01 -4.552695542617e-01 -1.970130452178e-01 1.076122404198e-01 2.037863189789e-01 -1.184778784352e-01 2.929635680437e-02 2.929635680437e-02 2.092602300186e-02 2.092602300186e-02 2.092602300186e-02 2.092602300186e-02 2.929635680437e-02 2.929635680437e-02
1.488580355800e+01 8.170113819520e-02 -5.555994572468e-02 7.924303043932e-01 -4.870473922713e-01 -2.195445477293e-01 1.283742722851e-01 2.239352376220e-01 -1.083190987668e-01 3.404581657807e-02 3.404581657807e-02 2.431844041291e-02 2.431844041291e-02 2.431844041291e-02 2.431844041291e-02 3.404581657807e-02 3.404581657807e-02
2.455638883568e+01 1.107657711254e-01 -4.885377638262e-02 9.733910677883e-01 -4.869883303294e-01 -2.532236776129e-01 1.511922880467e-01 2.589087036788e-01 -1.041112495666e-01 3.965996831374e-02 3.965996831374e-02 2.832849493966e-02 2.832849493966e-02 2.832849493966e-02 2.832849493966e-02 3.965996831374e-02 3.965996831374e-02
4.050944680299e+01 1.844642675223e-01 -7.168058860360e-02 1.122274913553e+00 -4.547581029777e-01 -2.940606121984e-01 1.734247109376e-01 2.903836921566e-01 -9.158370903745e-02 4.500708467386e-02 4.500708467386e-02 3.214791762418e-02 3.214791762418e-02 3.214791762418e-02 3.214791762418e-02 4.500708467386e-02 4.500708467386e-02
6.682615843146e+01 1.383821298424e-01 3.396011393048e-03 1.292388385834e+00 -4.170363716676e-01 -3.744300920996e-01 2.336993075894e-01 3.163520970312e-01 -7.986720206774e-02 5.419435823002e-02 5.419435823002e-02 3.871020202271e-02 3.871020202271e-02 3.871020202271e-02 3.871020202271e-02 5.419435823002e-02 5.419435823002e-02
1.102399703675e+02 2.338475907626e-01 9.571917594293e-02 1.374723246099e+00 -4.266873442994e-01 -4.624386686972e-01 2.514882618310e-01 3.360297767762e-01 -7.843828006518e-02 6.093244615344e-02 6.093244615344e-02 4.352312196801e-02 4.352312196801e-02 4.352312196801e-02 4.352312196801e-02 6.093244615344e-02 6.093244615344e-02
1.818568677337e+02 5.669808191122e-02 6.756447390887e-02 1.533574737035e+00 -3.971362671627e-01 -5.154524164080e-01 3.130886105826e-01 3.488751208182e-01 -1.059282210937e-01 6.842087206624e-02 6.842087206624e-02 4.887199762001e-02 4.887199762001e-02 4.887199762001e-02 4.887199762001e-02 6.842087206624e-02 6.842087206624e-02
3.000003000003e+02 6.098836650267e-02 9.944334553820e-02 1.650278620931e+00 -4.002062315037e-01 -6.694432351905e-01 4.033126383196e-01 4.034232223810e-01 -1.272420422928e-01 8.064154182500e-02 8.064154182500e-02 5.760110130357e-02 5.760110130357e-02 5.760110130357e-02 5.760110130357e-02 8.064154182500e-02 8.064154182500e-02
20 1020 0 7.779387 -6.284294
24
3.000003000003e-03 6.401950075856e-03 -2.782822772550e-03 1.466746778108e-02 -1.396764660157e-02 -1.732073127260e-03 2.257925471988e-03 -2.201213441405e-03 1.458716867285e-03 5.314380964666e-04 5.314380964666e-04 3.795986403333e-04 3.795986403333e-04 3.795986403333e-04 3.795986403333e-04 5.314380964666e-04 5.314380964666e-04
4.948951564611e-03 6.479434317064e-03 -2.328561041211e-03 1.764368699738e-02 -1.549408364009e-02 -2.344532898262e-03 2.408143866312e-03 -2.270177683337e-03 1.469762707055e-03 6.218543896739e-04 6.218543896739e-04 4.441822454687e-04 4.441822454687e-04 4.441822454687e-04 4.441822454687e-04 6.218543896739e-04 6.218543896739e-04
8.163998399856e-03 5.599851205912e-03 -3.139054246726e-03 2.314072015893e-02 -1.993353105073e-02 -2.412466697803e-03 3.217807691366e-03 -3.179543092845e-03 2.253150251155e-03 7.758112792558e-04 7.758112792558e-04 5.541505547149e-04 5.541505547149e-04 5.541505547149e-04 5.541505547149e-04 7.758112792558e-04 7.758112792558e-04
1.346779580667e-02 6.046284088358e-03 -5.383847861422e-03 2.756332863295e-02 -2.370557851805e-02 -2.617587565342e-03 4.832121359598e-03 -3.562628901024e-03 2.180918752863e-03 9.894320398775e-04 9.894320398775e-04 7.067377098998e-04 7.067377098998e-04 7.067377098998e-04 7.067377098998e-04 9.894320398775e-04 9.894320398775e-04
2.221708760642e-02 7.185940805745e-03 -8.460962467389e-03 3.277812111049e-02 -3.109435311188e-02 -3.025617619190e-03 7.738081997798e-03 -4.234728666962e-03 2.594578540747e-03 1.356238114925e-03 1.356238114925e-03 9.687427672980e-04 9.687427672980e-04 9.687427672980e-04 9.687427672980e-04 1.356238114925e-03 1.356238114925e-03
3.665030841235e-02 9.843338633192e-03 -1.173518059644e-02 4.191073095448e-02 -4.136107790381e-02 -4.165400000283e-03 1.231053187502e-02 -5.572544482567e-03 2.731891272450e-03 1.936427446190e-03 1.936427446190e-03 1.383167847152e-03 1.383167847152e-03 1.383167847152e-03 1.383167847152e-03 1.936427446190e-03 1.936427446190e-03
6.046022321914e-02 1.278804139200e-02 -1.613421455919e-02 4.779392868500e-02 -5.410815292760e-02 -6.187354164874e-03 1.927304261124e-02 -6.208126375500e-03 2.671346498830e-03 2.675920657733e-03 2.675920657733e-03 1.911370103185e-03 1.911370103185e-03 1.911370103185e-03 1.911370103185e-03 2.675920657733e-03 2.675920657733e-03
9.973768987563e-02 1.771204805353e-02 -3.103101860398e-02 7.534481661104e-02 -6.426756091449e-02 -1.388257227251e-02 2.596450929968e-02 -3.689700040676e-03 4.320871137524e-03 3.779851183464e-03 3.779851183464e-03 2.699897292866e-03 2.699897292866e-03 2.699897292866e-03 2.699897292866e-03 3.779851183464e-03 3.779851183464e-03
1.645318657091e-01 4.528857137562e-02 -2.714336052702e-02 8.166934527754e-02 -9.128048251453e-02 -2.567234118290e-02 3.767749768562e-02 -1.096036331710e-02 2.289228301188e-03 5.230952830157e-03 5.230952830157e-03 3.736396673879e-03 3.736396673879e-03 3.736396673879e-03 3.736396673879e-03 5.230952830157e-03 5.230952830157e-03
2.714212430550e-01 3.829048524419e-02 -4.190771502553e-02 1.004350835071e-01 -1.263246972379e-01 -3.037128414673e-02 5.121047352764e-02 -1.329873869376e-02 1.636166586731e-03 6.861690744782e-03 6.861690744782e-03 4.901211265236e-03 4.901211265236e-03 4.901211265236e-03 4.901211265236e-03 6.861690744782e-03 6.861690744782e-03
4.477498332132e-01 5.635162707338e-02 -6.053421786867e-02 1.593202165600e-01 -1.755182682819e-01 -5.073647002806e-02 7.398249637274e-02 -1.390343244773e-02 -3.819988171206e-03 1.020771311553e-02 1.020771311553e-02 7.291221858752e-03 7.291221858752e-03 7.291221858752e-03 7.291221858752e-03 1.020771311553e-02 1.020771311553e-02
7.386288094781e-01 7.575347498342e-02 -5.938100203739e-02 2.275669187296e-01 -2.521982617708e-01 -7.808478805980e-02 9.185954087243e-02 -1.169190201605e-02 -5.906495781644e-03 1.416594392986e-02 1.416594392986e-02 1.011856728239e-02 1.011856728239e-02 1.011856728239e-02 1.011856728239e-02 1.416594392986e-02 1.416594392986e-02
1.218479459483e+00 9.335996552379e-02 -5.712923408700e-02 3.344439008047e-01 -3.395282543552e-01 -1.204006588029e-01 1.101374525947e-01 -3.586618102527e-03 -1.048975273760e-02 1.952072577605e-02 1.952072577605e-02 1.394339350628e-02 1.394339350628e-02 1.394339350628e-02 1.394339350628e-02 1.952072577605e-02 1.952072577605e-02
2.010058331893e+00 9.198156033110e-02 -6.594982094863e-02 4.783464372580e-01 -4.102505315358e-01 -2.174283709179e-01 1.192078589042e-01 2.641991457075e-02 -1.054621344077e-02 2.767077110170e-02 2.767077110170e-02 1.976489035709e-02 1.976489035709e-02 1.976489035709e-02 1.976489035709e-02 2.767077110170e-02 2.767077110170e-02
3.315891742766e+00 3.701311367124e-02 -7.401353530816e-02 6.332244418058e-01 -4.956540995051e-01 -2.091835751578e-01 1.357607849322e-01 1.691986405000e-02 -2.975276738509e-03 3.134681149752e-02 3.134681149752e-02 2.239063349696e-02 2.239063349696e-02 2.239063349696e-02 2.239063349696e-02 3.134681149752e-02 3.134681149752e-02
5.470040587701e+00 7.481514408965e-02 -1.014114905038e-01 8.039297901424e-01 -5.795899153867e-01 -2.643185262283e-01 1.486815271979e-01 2.740273041650e-02 1.523898631662e-02 3.837631355549e-02 3.837631355549e-02 2.741165253963e-02 2.741165253963e-02 2.741165253963e-02 2.741165253963e-02 3.837631355549e-02 3.837631355549e-02
9.023641941888e+00 1.927932579655e-01 -8.697524394205e-02 9.751453331260e-01 -6.510071128622e-01 -3.145689290410e-01 1.621979154307e-01 2.197694857633e-02 3.869650467874e-02 4.509266165774e-02 4.509266165774e-02 3.220899018537e-02 3.220899018537e-02 3.220899018537e-02 3.220899018537e-02 4.509266165774e-02 4.509266165774e-02
1.488580355800e+01 2.184688664048e-01 -8.517988657237e-02 1.240197735398e+00 -6.816967031766e-01 -3.542296513370e-01 1.788232237535e-01 -7.193731955525e-04 4.760040657754e-02 5.245630351034e-02 5.245630351034e-02 3.746877026972e-02 3.746877026972e-02 3.746877026972e-02 3.746877026972e-02 5.245630351034e-02 5.245630351034e-02
2.455638883568e+01 2.210085299059e-01 -5.293860081452e-02 1.510088190357e+00 -6.582641918920e-01 -4.184035927904e-01 1.964865142891e-01 -1.728969233718e-02 5.101079389857e-02 6.108336826451e-02 6.108336826451e-02 4.363106709159e-02 4.363106709159e-02 4.363106709159e-02 4.363106709159e-02 6.108336826451e-02 6.108336826451e-02
4.050944680299e+01 1.868393115684e-01 -1.703459501371e-02 1.767020203938e+00 -5.504774045844e-01 -4.924157457978e-01 2.158060524716e-01 -3.183790526113e-02 5.225499025310e-02 6.982591796463e-02 6.982591796463e-02 4.987567364098e-02 4.987567364098e-02 4.987567364098e-02 4.987567364098e-02 6.982591796463e-02 6.982591796463e-02
6.682615843146e+01 1.959650099086e-01 5.321807689699e-02 1.917489925674e+00 -5.458429271018e-01 -5.897887817773e-01 2.305438919281e-01 -4.953424535139e-02 5.974341616590e-02 7.865215969304e-02 7.865215969304e-02 5.618009611450e-02 5.618009611450e-02 5.618009611450e-02 5.618009611450e-02 7.865215969304e-02 7.865215969304e-02
1.102399703675e+02 1.681920742138e-01 1.094436632731e-01 2.027684429592e+00 -5.177482923193e-01 -6.539225108447e-01 2.426453068297e-01 -7.367826454017e-02 5.735015088240e-02 8.457167423464e-02 8.457167423464e-02 6.040830283511e-02 6.040830283511e-02 6.040830283511e-02 6.040830283511e-02 8.457167423464e-02 8.457167423464e-02
1.818568677337e+02 1.206596517012e-01 2.847966837815e-01 2.154969197545e+00 -6.879245964530e-01 -6.999782591463e-01 2.789671444535e-01 -1.006226994204e-01 5.444128741259e-02 9.139068958481e-02 9.139068958481e-02 6.527902808524e-02 6.527902808524e-02 6.527902808524e-02 6.527902808524e-02 9.139068958481e-02 9.139068958481e-02
3.000003000003e+02 -6.043243026669e-02 1.189004854789e+00 2.270152550596e+00 -1.044729097129e+00 -7.243092659299e-01 4.006284615564e-01 -1.314090507885e-01 1.176581740800e-02 1.006757295044e-01 1.006757295044e-01 7.191130716808e-02 7.191130716808e-02 7.191130716808e-02 7.191130716808e-02 1.006757295044e-01 1.006757295044e-01
21 1021 0 7.663535 -8.369389
24
3.000003000003e-03 1.480469254819e-03 -3.122328407438e-04 3.541781292175e-03 -3.315938479493e-03 -4.598060140535e-03 6.335687603606e-03 -8.387436632925e-04 -9.520005917285e-04 4.314035031910e-04 4.314035031910e-04 3.081450003829e-04 3.081450003829e-04 3.081450003829e-04 3.081450003829e-04 4.314035031910e-04 4.314035031910e-04
4.948951564611e-03 1.744249940385e-03 -9.167619752517e-04 4.093470094886e-03 -3.365399714232e-03 -5.858228352114e-03 8.073076305636e-03 -7.530535820731e-04 -1.413389968479e-03 5.089267001480e-04 5.089267001480e-04 3.635187124951e-04 3.635187124951e-04 3.635187124951e-04 3.635187124951e-04 5.089267001480e-04 5.089267001480e-04
8.163998399856e-03 1.588313847431e-03 -1.058852441062e-03 5.669305536298e-03 -5.127921157490e-03 -6.523906702668e-03 1.136183372549e-02 -5.917290294001e-04 -2.737671802932e-03 7.005387192757e-04 7.005387192757e-04 5.003840814044e-04 5.003840814044e-04 5.003840814044e-04 5.003840814044e-04 7.005387192757e-04 7.005387192757e-04
1.346779580667e-02 1.801967280617e-03 -1.623725879823e-03 6.173179298821e-03 -5.906081091413e-03 -7.524629626543e-03 1.741083214990e-02 -3.645328186037e-04 -3.858906220999e-03 8.910788269901e-04 8.910788269901e-04 6.364854149802e-04 6.364854149802e-04 6.364854149802e-04 6.364854149802e-04 8.910788269901e-04 8.910788269901e-04
2.221708760642e-02 1.834740375179e-03 -2.908071788463e-03 7.830557919149e-03 -7.406380079062e-03 -8.444048132542e-03 2.740448970838e-02 -4.232102295504e-04 -5.602502710112e-03 1.230642267183e-03 1.230642267183e-03 8.790301908450e-04 8.790301908450e-04 8.790301908450e-04 8.790301908450e-04 1.230642267183e-03 1.230642267183e-03
3.665030841235e-02 2.294217150322e-03 -4.391305644817e-03 1.053887468033e-02 -9.614567856158e-03 -1.263963255504e-02 4.334266888599e-02 -7.801981992372e-05 -8.837903320338e-03 1.776495247381e-03 1.776495247381e-03 1.268926971897e-03 1.268926971897e-03 1.268926971897e-03 1.268926971897e-03 1.776495247381e-03 1.776495247381e-03
6.046022321914e-02 3.000723639003e-03 -7.070129134163e-03 1.141302911937e-02 -1.232860231596e-02 -2.098181768738e-02 6.464643698851e-02 -2.140040349255e-03 -1.508919517890e-02 2.365393073482e-03 2.365393073482e-03 1.689561095471e-03 1.689561095471e-03 1.689561095471e-03 1.689561095471e-03 2.365393073482e-03 2.365393073482e-03
9.973768987563e-02 6.067068865354e-03 -7.945364281082e-03 1.213800817286e-02 -1.704954899474e-02 -2.462141560842e-02 9.469099549926e-02 -4.543295897398e-03 -2.238548128501e-02 3.167579908020e-03 3.167579908020e-03 2.262562462745e-03 2.262562462745e-03 2.262562462745e-03 2.262562462745e-03 3.167579908020e-03 3.167579908020e-03
1.645318657091e-01 9.365175664945e-03 -1.317495994321e-02 1.909573112187e-02 -2.112318935679e-02 -7.194938327104e-02 1.316264490001e-01 3.109573541264e-02 -3.455638821613e-02 4.574963151346e-03 4.574963151346e-03 3.267834412782e-03 3.267834412782e-03 3.267834412782e-03 3.267834412782e-03 4.574963151346e-03 4.574963151346e-03
2.714212430550e-01 1.094787234471e-02 -1.979178239020e-02 2.772279587604e-02 -2.669951631692e-02 -1.023892798013e-01 1.756828877370e-01 -1.315334578576e-03 -4.987290903944e-02 6.192707438756e-03 6.192707438756e-03 4.423362456254e-03 4.423362456254e-03 4.423362456254e-03 4.423362456254e-03 6.192707438756e-03 6.192707438756e-03
4.477498332132e-01 2.057919117290e-02 -2.528894121545e-02 3.359719714714e-02 -3.955001257087e-02 -1.855374355728e-01 2.573077480626e-01 2.658956057404e-02 -8.234277707877e-02 8.981298175418e-03 8.981298175418e-03 6.415220163225e-03 6.415220163225e-03 6.415220163225e-03 6.415220163225e-03 8.981298175418e-03 8.981298175418e-03
7.386288094781e-01 2.767504366771e-02 -3.163081147340e-02 4.509869351564e-02 -5.326092822078e-02 -2.835375334459e-01 3.278314765874e-01 7.282802390440e-02 -1.397091385793e-01 1.217465170957e-02 1.217465170957e-02 8.696179792549e-03 8.696179792549e-03 8.696179792549e-03 8.696179792549e-03 1.217465170957e-02 1.217465170957e-02
1.218479459483e+00 3.286118482026e-02 -3.589093677538e-02 6.945294808480e-02 -7.451380252232e-02 -4.167661946993e-01 3.700042163692e-01 1.068014581877e-01 -1.871786035750e-01 1.667846407050e-02 1.667846407050e-02 1.191315810345e-02 1.191315810345e-02 1.191315810345e-02 1.191315810345e-02 1.667846407050e-02 1.667846407050e-02
2.010058331893e+00 1.505476332341e-02 -5.042557801906e-02 1.133786965673e-01 -9.950278447121e-02 -7.136102579888e-01 3.840395957084e-01 2.339141925269e-01 -2.279275735662e-01 2.447464039964e-02 2.447464039964e-02 1.748183214387e-02 1.748183214387e-02 1.748183214387e-02 1.748183214387e-02 2.447464039964e-02 2.447464039964e-02
3.315891742766e+00 4.164595752564e-02 -5.429627149570e-02 1.212787967814e-01 -1.238791558526e-01 -7.535273342453e-01 4.264661761766e-01 3.718263401083e-01 -2.261330958425e-01 2.712023840509e-02 2.712023840509e-02 1.937168862057e-02 1.937168862057e-02 1.937168862057e-02 1.937168862057e-02 2.712023840509e-02 2.712023840509e-02
5.470040587701e+00 5.755121281223e-02 -6.822295172906e-02 1.600943049899e-01 -1.578424113758e-01 -9.172319575127e-01 4.393165467668e-01 4.746494110232e-01 -2.127310615822e-01 3.347178476841e-02 3.347178476841e-02 2.390839973976e-02 2.390839973976e-02 2.390839973976e-02 2.390839973976e-02 3.347178476841e-02 3.347178476841e-02
9.023641941888e+00 9.085636750629e-02 -7.284900974333e-02 2.137049553049e-01 -1.932896296048e-01 -1.083638350462e+00 4.435891127757e-01 4.103661421455e-01 -1.551682877090e-01 4.066025141465e-02 4.066025141465e-02 2.904301877279e-02 2.904301877279e-02 2.904301877279e-02 2.904301877279e-02 4.066025141465e-02 4.066025141465e-02
1.488580355800e+01 1.169532006885e-01 -8.904995173048e-02 2.737433041891e-01 -2.370985108405e-01 -1.183777244614e+00 4.857505428239e-01 5.835307292113e-01 -1.371078998621e-01 4.765104905112e-02 4.765104905112e-02 3.403639180011e-02 3.403639180011e-02 3.403639180011e-02 3.403639180011e-02 4.765104905112e-02 4.765104905112e-02
2.455638883568e+01 1.396060943402e-01 -1.040056920534e-01 3.519790143600e-01 -2.736038174753e-01 -1.354880946899e+00 4.986876213714e-01 6.684115361631e-01 -6.939526844368e-02 5.615885894816e-02 5.615885894816e-02 4.011348862921e-02 4.011348862921e-02 4.011348862921e-02 4.011348862921e-02 5.615885894816e-02 5.615885894816e-02
4.050944680299e+01 1.618649066094e-01 -1.178392554806e-01 4.597381556522e-01 -3.064699031801e-01 -1.540109249755e+00 5.179807701756e-01 7.305170530134e-01 4.829432156287e-02 6.632605808482e-02 6.632605808482e-02 4.737571987096e-02 4.737571987096e-02 4.737571987096e-02 4.737571987096e-02 6.632605808482e-02 6.632605808482e-02
6.682615843146e+01 1.930018597177e-01 -1.330414223313e-01 5.080168949155e-01 -3.557074565212e-01 -1.800069758654e+00 5.173034427995e-01 7.278027169607e-01 1.911332404073e-01 7.544195465589e-02 7.544195465589e-02 5.388711046850e-02 5.388711046850e-02 5.388711046850e-02 5.388711046850e-02 7.544195465589e-02 7.544195465589e-02
1.102399703675e+02 2.213880342985e-01 -1.498414032056e-01 5.595151383302e-01 -4.280822114376e-01 -2.007025316302e+00 4.939865421246e-01 6.845404728466e-01 3.445874751646e-01 8.446938397784e-02 8.446938397784e-02 6.033529222184e-02 6.033529222184e-02 6.033529222184e-02 6.033529222184e-02 8.446938397784e-02 8.446938397784e-02
1.818568677337e+02 2.739996581496e-01 -1.388960944005e-01 5.629809433457e-01 -5.684900402230e-01 -2.078088142126e+00 4.755956587305e-01 5.743095264545e-01 5.673477571341e-01 9.141959223723e-02 9.141959223723e-02 6.529976259675e-02 6.529976259675e-02 6.529976259675e-02 6.529976259675e-02 9.141959223723e-02 9.141959223723e-02
3.000003000003e+02 3.581679518875e-01 -1.663699504747e-01 5.944345689934e-01 -7.724987839618e-01 -2.218856625748e+00 4.767894639388e-01 3.568007307647e-01 6.727569871215e-01 1.041135115133e-01 1.041135115133e-01 7.436677598613e-02 7.436677598613e-02 7.436677598613e-02 7.436677598613e-02 1.041135115133e-01 1.041135115133e-01
VTF 21
1001 1001 1 -2.021284 -2.388076
24
3.000003000003e-03 2.273690000000e-02 1.338070000000e-02 2.278030000000e-01 1.328530000000e-01 1.000000000000e-01 1.000000000000e-01 1.000000000000e-01 1.000000000000e-01
4.948951564611e-03 2.444640000000e-02 -5.575390000000e-02 1.601540000000e-01 1.215730000000e-01 1.000000000000e-01 1.000000000000e-01 1.000000000000e-01 1.000000000000e-01
8.163998399856e-03 7.561760000000e-02 -3.456570000000e-02 5.352720000000e-02 1.827940000000e-01 1.000000000000e-01 1.000000000000e-01 1.000000000000e-01 1.000000000000e-01
1.346779580667e-02 7.736760000000e-02 -2.801280000000e-03 -1.352720000000e-02 1.638060000000e-01 1.000000000000e-01 1.000000000000e-01 1.000000000000e-01 1.000000000000e-01
2.221708760642e-02 5.660480000000e-02 2.689200000000e-03 -5.697870000000e-02 1.623490000000e-01 1.000000000000e-01 1.000000000000e-01 1.000000000000e-01 1.000000000000e-01
3.665030841235e-02 5.454800000000e-02 -5.021600000000e-02 -1.445340000000e-01 6.839320000000e-02 1.000000000000e-01 1.000000000000e-01 1.000000000000e-01 1.000000000000e-01
6.046022321914e-02 9.036200000000e-02 -2.038820000000e-02 -1.658170000000e-01 -9.157820000000e-03 1.000000000000e-01 1.000000000000e-01 1.000000000000e-01 1.000000000000e-01
9.973768987563e-02 3.882980000000e-02 -4.863670000000e-02 -1.420210000000e-01 -5.614040000000e-04 1.000000000000e-01 1.000000000000e-01 1.000000000000e-01 1.000000000000e-01
1.645318657091e-01 4.685500000000e-02 -2.352290000000e-02 -1.347750000000e-01 -1.392270000000e-01 1.000000000000e-01 1.000000000000e-01 1.000000000000e-01 1.000000000000e-01
2.714212430550e-01 9.656750000000e-02 4.277820000000e-02 -5.717650000000e-02 -5.663700000000e-02 1.000000000000e-01 1.000000000000e-01 1.000000000000e-01 1.000000000000e-01
4.477498332132e-01 6.856030000000e-02 6.101580000000e-02 -2.418210000000e-02 -1.105800000000e-01 1.000000000000e-01 1.000000000000e-01 1.000000000000e-01 1.000000000000e-01
7.386288094781e-01 6.837220000000e-02 6.603130000000e-02 -1.964820000000e-02 -5.595210000000e-02 1.000000000000e-01 1.000000000000e-01 1.000000000000e-01 1.000000000000e-01
1.218479459483e+00 4.393990000000e-02 7.434860000000e-02 -5.546570000000e-03 -9.271020000000e-02 1.000000000000e-01 1.000000000000e-01 1.000000000000e-01 1.000000000000e-01
2.010058331893e+00 4.373800000000e-02 5.566820000000e-02 -1.617040000000e-01 -4.563910000000e-02 1.000000000000e-01 1.000000000000e-01 1.000000000000e-01 1.000000000000e-01
3.315891742766e+00 -3.388870000000e-02 4.023200000000e-02 -7.825440000000e-02 -5.702690000000e-02 1.000000000000e-01 1.000000000000e-01 1.000000000000e-01 1.000000000000e-01
5.470040587701e+00 -3.429960000000e-02 2.832390000000e-02 -1.011760000000e-02 -7.070920000000e-03 1.000000000000e-01 1.000000000000e-01 1.000000000000e-01 1.000000000000e-01
9.023641941888e+00 -3.530140000000e-02 5.926290000000e-03 -1.956910000000e-01 -1.185210000000e-01 1.000000000000e-01 1.000000000000e-01 1.000000000000e-01 1.000000000000e-01
1.488580355800e+01 -6.479600000000e-02 -9.735300000000e-03 -8.690360000000e-02 7.291530000000e-02 1.000000000000e-01 1.000000000000e-01 1.000000000000e-01 1.000000000000e-01
2.455638883568e+01 -3.879840000000e-02 -3.236420000000e-03 -2.120020000000e-01 9.503870000000e-03 1.000000000000e-01 1.000000000000e-01 1.000000000000e-01 1.000000000000e-01
4.050944680299e+01 -4.392830000000e-02 -2.892900000000e-02 -2.352380000000e-01 -2.866640000000e-02 1.000000000000e-01 1.000000000000e-01 1.000000000000e-01 1.000000000000e-01
6.682615843146e+01 -4.751150000000e-02 -3.750810000000e-02 -2.040500000000e-01 -4.874540000000e-02 1.000000000000e-01 1.000000000000e-01 1.000000000000e-01 1.000000000000e-01
1.102399703675e+02 -3.230320000000e-02 -4.553530000000e-02 -1.701530000000e-01 -8.150040000000e-02 1.000000000000e-01 1.000000000000e-01 1.000000000000e-01 1.000000000000e-01
1.818568677337e+02 -1.897600000000e-03 -8.682410000000e-02 -1.027790000000e-01 -8.472800000000e-02 1.000000000000e-01 1.000000000000e-01 1.000000000000e-01 1.000000000000e-01
3.000003000003e+02 4.684110000000e-02 -9.866080000000e-02 -4.341460000000e-02 -9.769350000000e-02 1.000000000000e-01 1.000000000000e-01 1.000000000000e-01 1.000000000000e-01
1002 1002 1 11.027830 -5.895093
24
3.000003000003e-03 -3.921520000000e-03 -1.472290000000e-02 2.033030000000e-01 5.780600000000e-02 1.000000000000e-01 1.000000000000e-01 1.000000000000e-01 1.000000000000e-01
4.948951564611e-03 1.596230000000e-02 -1.663730000000e-02 1.366140000000e-01 1.324410000000e-01 1.000000000000e-01 1.000000000000e-01 1.000000000000e-01 1.000000000000e-01
8.163998399856e-03 2.198490000000e-02 -5.385710000000e-02 4.930620000000e-02 1.514870000000e-01 1.000000000000e-01 1.000000000000e-01 1.000000000000e-01 1.000000000000e-01
1.346779580667e-02 3.224230000000e-02 5.761040000000e-03 -3.037340000000e-02 1.166250000000e-01 1.000000000000e-01 1.000000000000e-01 1.000000000000e-01 1.000000000000e-01
2.221708760642e-02 -1.491930000000e-02 2.091670000000e-02 -3.919040000000e-02 7.246290000000e-02 1.000000000000e-01 1.000000000000e-01 1.000000000000e-01 1.000000000000e-01
3.665030841235e-02 -4.266720000000e-02 -5.976860000000e-02 -7.820310000000e-02 2.842740000000e-02 1.000000000000e-01 1.000000000000e-01 1.000000000000e-01 1.000000000000e-01
6.046022321914e-02 4.075390000000e-02 -2.101200000000e-02 -1.291020000000e-01 3.923850000000e-02 1.000000000000e-01 1.000000000000e-01 1.000000000000e-01 1.000000000000e-01
9.973768987563e-02 -2.274670000000e-01 1.092160000000e-02 4.177970000000e-01 1.956170000000e-01 1.000000000000e-01 1.000000000000e-01 1.000000000000e-01 1.000000000000e-01
1.645318657091e-01 -1.499770000000e-01 -9.654250000000e-02 6.310710000000e-04 -2.365260000000e-02 1.000000000000e-01 1.000000000000e-01 1.000000000000e-01 1.000000000000e-01
2.714212430550e-01 2.860150000000e-02 -1.518150000000e-02 -5.949710000000e-04 -9.400710000000e-02 1.000000000000e-01 1.000000000000e-01 1.000000000000e-01 1.000000000000e-01
4.477498332132e-01 -6.066130000000e-02 2.648220000000e-02 2.931320000000e-02 -4.220490000000e-03 1.000000000000e-01 1.000000000000e-01 1.000000000000e-01 1.000000000000e-01
7.386288094781e-01 -7.502320000000e-02 1.132350000000e-01 6.311470000000e-02 -5.305680000000e-02 1.000000000000e-01 1.000000000000e-01 1.000000000000e-01 1.000000000000e-01
1.218479459483e+00 -1.012020000000e-02 -5.245640000000e-03 -1.223140000000e-02 7.041000000000e-02 1.000000000000e-01 1.000000000000e-01 1.000000000000e-01 1.000000000000e-01
2.010058331893e+00 1.503760000000e-02 -2.007750000000e-02 3.427570000000e-02 1.061110000000e-01 1.000000000000e-01 1.000000000000e-01 1.000000000000e-01 1.000000000000e-01
3.315891742766e+00 -7.305240000000e-03 6.699950000000e-02 4.826070000000e-03 6.333530000000e-02 1.000000000000e-01 1.000000000000e-01 1.000000000000e-01 1.000000000000e-01
5.470040587701e+00 -6.039980000000e-02 9.286880000000e-02 -1.393430000000e-02 7.833210000000e-02 1.000000000000e-01 1.000000000000e-01 1.000000000000e-01 1.000000000000e-01
9.023641941888e+00 -1.260470000000e-01 9.928690000000e-02 -2.101780000000e-02 1.091490000000e-01 1.000000000000e-01 1.000000000000e-01 1.000000000000e-01 1.000000000000e-01
1.488580355800e+01 -1.727460000000e-01 1.036380000000e-01 -7.583810000000e-02 6.192610000000e-02 1.000000000000e-01 1.000000000000e-01 1.000000000000e-01 1.000000000000e-01
2.455638883568e+01 -2.344900000000e-01 3.328130000000e-02 -1.001510000000e-01 4.442340000000e-02 1.000000000000e-01 1.000000000000e-01 1.000000000000e-01 1.000000000000e-01
4.050944680299e+01 -2.372190000000e-01 -6.935540000000e-02 -1.155310000000e-01 1.607210000000e-02 1.000000000000e-01 1.000000000000e-01 1.000000000000e-01 1.000000000000e-01
6.682615843146e+01 -1.469180000000e-01 -1.457210000000e-01 -1.020770000000e-01 -1.587980000000e-02 1.000000000000e-01 1.000000000000e-01 1.000000000000e-01 1.000000000000e-01
1.102399703675e+02 -4.292340000000e-02 -1.358460000000e-01 -7.632410000000e-02 -2.017360000000e-02 1.000000000000e-01 1.000000000000e-01 1.000000000000e-01 1.000000000000e-01
1.818568677337e+02 1.912080000000e-02 -5.372570000000e-02 -6.241850000000e-02 2.111600000000e-03 1.000000000000e-01 1.000000000000e-01 1.000000000000e-01 1.000000000000e-01
3.000003000003e+02 6.347820000000e-03 1.480080000000e-02 -7.805500000000e-02 2.165000000000e-02 1.000000000000e-01 1.000000000000e-01 1.000000000000e-01 1.000000000000e-01
1003 1003 1 7.734525 0.181046
24
3.000003000003e-03 3.002170000000e-02 4.522800000000e-02 9.939280000000e-02 2.182610000000e-01 1.000000000000e-01 1.000000000000e-01 1.000000000000e-01 1.000000000000e-01
4.948951564611e-03 -4.236880000000e-02 -9.711250000000e-02 2.217800000000e-01 1.345390000000e-01 1.000000000000e-01 1.000000000000e-01 1.000000000000e-01 1.000000000000e-01
8.163998399856e-03 4.965860000000e-02 -4.207010000000e-02 1.259740000000e-01 2.052710000000e-01 1.000000000000e-01 1.000000000000e-01 1.000000000000e-01 1.000000000000e-01
1.346779580667e-02 9.081470000000e-02 -1.477350000000e-02 4.423230000000e-03 1.526850000000e-01 1.000000000000e-01 1.000000000000e-01 1.000000000000e-01 1.000000000000e-01
2.221708760642e-02 5.934840000000e-02 1.933220000000e-02 -6.183710000000e-02 1.159050000000e-01 1.000000000000e-01 1.000000000000e-01 1.000000000000e-01 1.000000000000e-01
3.665030841235e-02 3.032850000000e-02 -4.459310000000e-02 -8.754010000000e-02 8.926010000000e-02 1.000000000000e-01 1.000000000000e-01 1.000000000000e-01 1.000000000000e-01
6.046022321914e-02 8.653560000000e-02 -1.140510000000e-02 -5.007100000000e-02 5.779990000000e-02 1.000000000000e-01 1.000000000000e-01 1.000000000000e-01 1.000000000000e-01
9.973768987563e-02 9.806150000000e-02 -1.166540000000e-01 -7.688760000000e-02 1.019930000000e-01 1.000000000000e-01 1.000000000000e-01 1.000000000000e-01 1.000000000000e-01
1.645318657091e-01 1.753110000000e-02 6.194680000000e-02 -1.753540000000e-01 -5.770020000000e-03 1.000000000000e-01 1.000000000000e-01 1.000000000000e-01 1.000000000000e-01
2.714212430550e-01 1.200520000000e-02 -7.126430000000e-02 -2.804670000000e-02 -4.045660000000e-02 1.000000000000e-01 1.000000000000e-01 1.000000000000e-01 1.000000000000e-01
4.477498332132e-01 9.234450000000e-02 -7.251330000000e-02 -8.841680000000e-02 1.299110000000e-01 1.000000000000e-01 1.000000000000e-01 1.000000000000e-01 1.000000000000e-01
7.386288094781e-01 7.740520000000e-03 -3.363330000000e-02 8.721040000000e-02 3.134760000000e-02 1.000000000000e-01 1.000000000000e-01 1.000000000000e-01 1.000000000000e-01
1.218479459483e+00 2.552320000000e-01 -3.745870000000e-02 -6.239940000000e-02 1.488400000000e-01 1.000000000000e-01 1.000000000000e-01 1.000000000000e-01 1.000000000000e-01
2.010058331893e+00 -3.809260000000e-02 1.348980000000e-01 -6.378280000000e-02 6.955670000000e-02 1.000000000000e-01 1.000000000000e-01 1.000000000000e-01 1.000000000000e-01
3.315891742766e+00 -6.091490000000e-03 8.462420000000e-02 -6.747510000000e-02 -3.258050000000e-02 1.000000000000e-01 1.000000000000e-01 1.000000000000e-01 1.000000000000e-01
5.470040587701e+00 -5.362340000000e-02 9.635980000000e-02 -2.543940000000e-02 -4.720990000000e-02 1.000000000000e-01 1.000000000000e-01 1.000000000000e-01 1.000000000000e-01
9.023641941888e+00 -1.177420000000e-01 1.262050000000e-01 -4.236780000000e-02 -1.156540000000e-01 1.000000000000e-01 1.000000000000e-01 1.000000000000e-01 1.000000000000e-01
1.488580355800e+01 -1.588740000000e-01 1.334390000000e-01 -4.666180000000e-03 -1.741180000000e-01 1.000000000000e-01 1.000000000000e-01 1.000000000000e-01 1.000000000000e-01
2.455638883568e+01 -2.207570000000e-01 8.805650000000e-02 8.104610000000e-02 -2.251630000000e-01 1.000000000000e-01 1.000000000000e-01 1.000000000000e-01 1.000000000000e-01
4.050944680299e+01 -2.498730000000e-01 1.473470000000e-02 1.966210000000e-01 -2.423920000000e-01 1.000000000000e-01 1.000000000000e-01 1.000000000000e-01 1.000000000000e-01
6.682615843146e+01 -2.242680000000e-01 -5.220180000000e-02 3.195700000000e-01 -1.969510000000e-01 1.000000000000e-01 1.000000000000e-01 1.000000000000e-01 1.000000000000e-01
1.102399703675e+02 -1.813670000000e-01 -7.813360000000e-02 3.900450000000e-01 -1.208630000000e-01 1.000000000000e-01 1.000000000000e-01 1.000000000000e-01 1.000000000000e-01
1.818568677337e+02 -1.499960000000e-01 -8.463710000000e-02 4.187000000000e-01 -2.018770000000e-02 1.000000000000e-01 1.000000000000e-01 1.000000000000e-01 1.000000000000e-01
3.000003000003e+02 -1.232210000000e-01 -9.892040000000e-02 3.948540000000e-01 5.759030000000e-02 1.000000000000e-01 1.000000000000e-01 1.000000000000e-01 1.000000000000e-01
1004 1004 1 8.666666 -3.027373
24
3.000003000003e-03 2.689520000000e-02 -3.576690000000e-02 -3.407910000000e-02 3.095690000000e-01 1.000000000000e+01 1.000000000000e+01 1.000000000000e+01 1.000000000000e+01
4.948951564611e-03 8.659090000000e-02 3.072620000000e-01 7.060680000000e-02 -3.010220000000e-01 1.000000000000e+01 1.000000000000e+01 1.000000000000e+01 1.000000000000e+01
8.163998399856e-03 1.015630000000e-01 -2.261610000000e-01 1.686490000000e-01 3.422860000000e-01 1.000000000000e+01 1.000000000000e+01 1.000000000000e+01 1.000000000000e+01
1.346779580667e-02 -1.334830000000e-02 -2.527710000000e-03 -2.568850000000e-02 3.350510000000e-01 1.000000000000e+01 1.000000000000e+01 1.000000000000e+01 1.000000000000e+01
2.221708760642e-02 1.720870000000e-02 1.021330000000e-02 -1.027410000000e-01 2.137930000000e-02 1.000000000000e+01 1.000000000000e+01 1.000000000000e+01 1.000000000000e+01
3.665030841235e-02 -3.981540000000e-02 -7.195370000000e-03 -1.347480000000e-01 1.208650000000e-01 1.000000000000e+01 1.000000000000e+01 1.000000000000e+01 1.000000000000e+01
6.046022321914e-02 1.724350000000e-01 -4.813380000000e-01 -1.198680000000e+00 -1.025050000000e+00 1.000000000000e+01 1.000000000000e+01 1.000000000000e+01 1.000000000000e+01
9.973768987563e-02 1.945990000000e+00 9.899740000000e-01 2.950390000000e+00 1.148650000000e+01 1.000000000000e+01 1.000000000000e+01 1.000000000000e+01 1.000000000000e+01
1.645318657091e-01 -9.892310000000e-01 -1.339870000000e-01 1.003660000000e+00 -4.833790000000e-01 1.000000000000e+01 1.000000000000e+01 1.000000000000e+01 1.000000000000e+01
2.714212430550e-01 3.962910000000e-02 1.925220000000e-01 -6.022020000000e-02 -6.889200000000e-01 1.000000000000e+01 1.000000000000e+01 1.000000000000e+01 1.000000000000e+01
4.477498332132e-01 -5.234510000000e-02 1.490700000000e-01 -6.338380000000e-02 -2.488310000000e-01 1.000000000000e+01 1.000000000000e+01 1.000000000000e+01 1.000000000000e+01
7.386288094781e-01 4.619190000000e-02 -2.061170000000e-01 1.484540000000e-01 8.062700000000e-03 1.000000000000e+01 1.000000000000e+01 1.000000000000e+01 1.000000000000e+01
1.218479459483e+00 9.198220000000e-02 -1.551140000000e-02 2.161560000000e-02 1.763070000000e-01 1.000000000000e-01 1.000000000000e-01 1.000000000000e-01 1.000000000000e-01
2.010058331893e+00 9.462520000000e-02 -2.853930000000e-02 -3.857250000000e-02 1.448870000000e-01 1.000000000000e-01 1.000000000000e-01 1.000000000000e-01 1.000000000000e-01
3.315891742766e+00 6.364760000000e-02 5.467030000000e-02 -1.047130000000e-01 1.710100000000e-01 1.000000000000e-01 1.000000000000e-01 1.000000000000e-01 1.000000000000e-01
5.470040587701e+00 4.409380000000e-02 1.019230000000e-01 -2.284630000000e-01 1.686490000000e-01 1.000000000000e-01 1.000000000000e-01 1.000000000000e-01 1.000000000000e-01
9.023641941888e+00 1.416890000000e-02 1.589700000000e-01 -1.772080000000e-01 1.156140000000e-01 1.000000000000e-01 1.000000000000e-01 1.000000000000e-01 1.000000000000e-01
1.488580355800e+01 -9.015450000000e-02 1.570140000000e-01 -3.349520000000e-01 1.044870000000e-01 1.000000000000e-01 1.000000000000e-01 1.000000000000e-01 1.000000000000e-01
2.455638883568e+01 -1.702060000000e-01 1.151310000000e-01 -3.890760000000e-01 5.303990000000e-02 1.000000000000e-01 1.000000000000e-01 1.000000000000e-01 1.000000000000e-01
4.050944680299e+01 -2.090590000000e-01 4.605900000000e-02 -4.182560000000e-01 -4.490940000000e-03 1.000000000000e-01 1.000000000000e-01 1.000000000000e-01 1.000000000000e-01
6.682615843146e+01 -2.011870000000e-01 -2.318720000000e-02 -3.935820000000e-01 -8.580730000000e-02 1.000000000000e-01 1.000000000000e-01 1.000000000000e-01 1.000000000000e-01
1.102399703675e+02 -1.668420000000e-01 -6.154240000000e-02 -3.502320000000e-01 -1.441340000000e-01 1.000000000000e-01 1.000000000000e-01 1.000000000000e-01 1.000000000000e-01
1.818568677337e+02 -1.266710000000e-01 -8.259710000000e-02 -2.676450000000e-01 -1.985160000000e-01 1.000000000000e-01 1.000000000000e-01 1.000000000000e-01 1.000000000000e-01
3.000003000003e+02 -8.700670000000e-02 -9.071530000000e-02 -1.740110000000e-01 -2.164350000000e-01 1.000000000000e-01 1.000000000000e-01 1.000000000000e-01 1.000000000000e-01
1005 1005 1 -0.780271 2.414513
24
3.000003000003e-03 5.328930000000e-02 -3.245830000000e-02 1.127690000000e-01 1.260590000000e-01 1.000000000000e-01 1.000000000000e-01 1.000000000000e-01 1.000000000000e-01
4.948951564611e-03 -1.216420000000e-01 -1.822040000000e-01 2.778060000000e-01 1.680440000000e-01 1.000000000000e-01 1.000000000000e-01 1.000000000000e-01 1.000000000000e-01
8.163998399856e-03 1.524290000000e-02 -4.238120000000e-02 1.051920000000e-01 1.334950000000e-01 1.000000000000e+01 1.000000000000e+01 1.000000000000e+01 1.000000000000e+01
1.346779580667e-02 6.976670000000e-02 -1.070720000000e-01 1.709450000000e-02 2.430470000000e-01 1.000000000000e+01 1.000000000000e+01 1.000000000000e+01 1.000000000000e+01
2.221708760642e-02 1.026740000000e-01 -4.111200000000e-02 -9.006670000000e-02 1.748630000000e-01 1.000000000000e+01 1.000000000000e+01 1.000000000000e+01 1.000000000000e+01
3.665030841235e-02 8.302600000000e-02 2.401570000000e-03 -9.338710000000e-02 5.824010000000e-02 1.000000000000e+01 1.000000000000e+01 1.000000000000e+01 1.000000000000e+01
6.046022321914e-02 4.661080000000e-01 -4.381460000000e-01 -1.829170000000e-01 -2.511870000000e-01 1.000000000000e+01 1.000000000000e+01 1.000000000000e+01 1.000000000000e+01
9.973768987563e-02 -3.950500000000e+00 1.471580000000e+00 1.753240000000e+00 1.708140000000e+00 1.000000000000e+01 1.000000000000e+01 1.000000000000e+01 1.000000000000e+01
1.645318657091e-01 -4.651690000000e+00 6.304770000000e-01 -1.045310000000e+00 -1.615010000000e-01 1.000000000000e+01 1.000000000000e+01 1.000000000000e+01 1.000000000000e+01
2.714212430550e-01 3.468220000000e-03 4.147530000000e-01 -3.486310000000e-01 1.359020000000e-01 1.000000000000e+01 1.000000000000e+01 1.000000000000e+01 1.000000000000e+01
4.477498332132e-01 1.064830000000e-02 -2.687850000000e-02 -1.056620000000e-01 2.727660000000e-01 1.000000000000e+01 1.000000000000e+01 1.000000000000e+01 1.000000000000e+01
7.386288094781e-01 -4.063780000000e-02 1.775120000000e-01 8.773960000000e-03 -2.153000000000e-01 1.000000000000e+01 1.000000000000e+01 1.000000000000e+01 1.000000000000e+01
1.218479459483e+00 -1.187660000000e+00 2.637930000000e+00 -1.048120000000e+00 3.290510000000e-01 1.000000000000e-01 1.000000000000e-01 1.000000000000e-01 1.000000000000e-01
2.010058331893e+00 -5.527150000000e-02 2.196990000000e-01 -4.958740000000e-02 -9.292180000000e-02 1.000000000000e-01 1.000000000000e-01 1.000000000000e-01 1.000000000000e-01
3.315891742766e+00 -1.033440000000e-01 9.298770000000e-02 1.092640000000e-01 -1.533320000000e-01 1.000000000000e-01 1.000000000000e-01 1.000000000000e-01 1.000000000000e-01
5.470040587701e+00 -1.771760000000e-01 3.479710000000e-02 1.820800000000e-01 -9.330550000000e-02 1.000000000000e-01 1.000000000000e-01 1.000000000000e-01 1.000000000000e-01
9.023641941888e+00 -1.492330000000e-01 -2.527780000000e-02 2.237440000000e-01 -9.259970000000e-02 1.000000000000e-01 1.000000000000e-01 1.000000000000e-01 1.000000000000e-01
1.488580355800e+01 -1.171950000000e-01 -5.467300000000e-02 2.176150000000e-01 -4.502580000000e-02 1.000000000000e-01 1.000000000000e-01 1.000000000000e-01 1.000000000000e-01
2.455638883568e+01 -7.894930000000e-02 -6.322540000000e-02 2.240820000000e-01 -2.744670000000e-02 1.000000000000e-01 1.000000000000e-01 1.000000000000e-01 1.000000000000e-01
4.050944680299e+01 -5.017710000000e-02 -4.670920000000e-02 2.309530000000e-01 -1.443600000000e-02 1.000000000000e-01 1.000000000000e-01 1.000000000000e-01 1.000000000000e-01
6.682615843146e+01 -4.104700000000e-02 -3.322830000000e-02 2.383030000000e-01 4.842400000000e-03 1.000000000000e-01 1.000000000000e-01 1.000000000000e-01 1.000000000000e-01
1.102399703675e+02 -3.983530000000e-02 -2.728850000000e-02 2.439890000000e-01 3.288010000000e-02 1.000000000000e-01 1.000000000000e-01 1.000000000000e-01 1.000000000000e-01
1.818568677337e+02 -3.442720000000e-02 -4.179940000000e-02 2.188150000000e-01 7.351270000000e-02 1.000000000000e-01 1.000000000000e-01 1.000000000000e-01 1.000000000000e-01
3.000003000003e+02 -1.396740000000e-02 -5.320050000000e-02 1.698060000000e-01 9.570600000000e-02 1.000000000000e-01 1.000000000000e-01 1.000000000000e-01 1.000000000000e-01
1006 1006 1 5.119271 -1.715203
24
3.000003000003e-03 1.198920000000e-01 -3.289580000000e-01 -1.452790000000e-01 2.748760000000e-01 1.000000000000e-01 1.000000000000e-01 1.000000000000e-01 1.000000000000e-01
4.948951564611e-03 -1.533310000000e-01 -1.582470000000e-01 2.616720000000e-01 9.618510000000e-02 1.000000000000e-01 1.000000000000e-01 1.000000000000e-01 1.000000000000e-01
8.163998399856e-03 -5.639420000000e-02 -6.490080000000e-02 1.493190000000e-01 1.557150000000e-01 1.000000000000e-01 1.000000000000e-01 1.000000000000e-01 1.000000000000e-01
1.346779580667e-02 7.120870000000e-02 -1.686830000000e-01 3.469350000000e-03 1.736720000000e-01 1.000000000000e-01 1.000000000000e-01 1.000000000000e-01 1.000000000000e-01
2.221708760642e-02 1.863910000000e-02 -6.087360000000e-02 -1.398890000000e-02 1.417090000000e-01 1.000000000000e-01 1.000000000000e-01 1.000000000000e-01 1.000000000000e-01
3.665030841235e-02 8.584350000000e-02 -6.444660000000e-02 -6.809480000000e-02 1.146930000000e-01 1.000000000000e-01 1.000000000000e-01 1.000000000000e-01 1.000000000000e-01
6.046022321914e-02 1.252370000000e-01 -1.167470000000e-01 -2.856130000000e-02 1.840340000000e-02 1.000000000000e+01 1.000000000000e+01 1.000000000000e+01 1.000000000000e+01
9.973768987563e-02 -8.733440000000e-01 -1.462890000000e+00 -1.181110000000e+00 -1.584280000000e+00 1.000000000000e+01 1.000000000000e+01 1.000000000000e+01 1.000000000000e+01
1.645318657091e-01 -2.366430000000e-01 -4.394170000000e-01 -4.988530000000e-01 -1.088580000000e+00 1.000000000000e+01 1.000000000000e+01 1.000000000000e+01 1.000000000000e+01
2.714212430550e-01 1.823530000000e-02 -6.937280000000e-02 -3.474220000000e-01 1.333080000000e-01 1.000000000000e+01 1.000000000000e+01 1.000000000000e+01 1.000000000000e+01
4.477498332132e-01 9.799600000000e-02 -5.528520000000e-02 -2.436100000000e-02 -1.529730000000e-01 1.000000000000e-01 1.000000000000e-01 1.000000000000e-01 1.000000000000e-01
7.386288094781e-01 1.242410000000e-01 -1.324530000000e-01 -3.167010000000e-02 -1.843760000000e-01 1.000000000000e-01 1.000000000000e-01 1.000000000000e-01 1.000000000000e-01
1.218479459483e+00 1.714780000000e-01 -5.425750000000e-02 -1.265440000000e-02 2.210770000000e-02 1.000000000000e-01 1.000000000000e-01 1.000000000000e-01 1.000000000000e-01
2.010058331893e+00 1.739500000000e-01 -1.609240000000e-02 -2.458910000000e-02 -1.271240000000e-02 1.000000000000e-01 1.000000000000e-01 1.000000000000e-01 1.000000000000e-01
3.315891742766e+00 2.449510000000e-01 6.859550000000e-03 1.389900000000e-02 1.135830000000e-02 1.000000000000e-01 1.000000000000e-01 1.000000000000e-01 1.000000000000e-01
5.470040587701e+00 1.850180000000e-01 6.684150000000e-02 8.444950000000e-03 -1.597230000000e-02 1.000000000000e-01 1.000000000000e-01 1.000000000000e-01 1.000000000000e-01
9.023641941888e+00 1.941330000000e-01 1.117430000000e-01 3.298930000000e-02 -1.411480000000e-02 1.000000000000e-01 1.000000000000e-01 1.000000000000e-01 1.000000000000e-01
1.488580355800e+01 1.141910000000e-01 1.410480000000e-01 2.133930000000e-02 -8.938310000000e-02 1.000000000000e-01 1.000000000000e-01 1.000000000000e-01 1.000000000000e-01
2.455638883568e+01 5.091280000000e-02 1.574470000000e-01 5.068420000000e-02 -1.194300000000e-01 1.000000000000e-01 1.000000000000e-01 1.000000000000e-01 1.000000000000e-01
4.050944680299e+01 -1.244180000000e-02 1.568840000000e-01 1.140750000000e-01 -1.447820000000e-01 1.000000000000e-01 1.000000000000e-01 1.000000000000e-01 1.000000000000e-01
6.682615843146e+01 -6.228260000000e-02 1.499340000000e-01 1.828870000000e-01 -1.344850000000e-01 1.000000000000e-01 1.000000000000e-01 1.000000000000e-01 1.000000000000e-01
1.102399703675e+02 -1.094950000000e-01 1.385400000000e-01 2.262050000000e-01 -1.197550000000e-01 1.000000000000e-01 1.000000000000e-01 1.000000000000e-01 1.000000000000e-01
1.818568677337e+02 -1.750510000000e-01 1.143960000000e-01 2.615600000000e-01 -7.534150000000e-02 1.000000000000e-01 1.000000000000e-01 1.000000000000e-01 1.000000000000e-01
3.000003000003e+02 -2.129830000000e-01 8.591530000000e-02 2.832560000000e-01 -4.543410000000e-02 1.000000000000e-01 1.000000000000e-01 1.000000000000e-01 1.000000000000e-01
1007 1007 1 0.005602 -0.239191
24
3.000003000003e-03 1.558230000000e-03 -1.961700000000e-01 8.345380000000e-02 1.744410000000e-01 1.000000000000e-01 1.000000000000e-01 1.000000000000e-01 1.000000000000e-01
4.948951564611e-03 4.551600000000e-02 -1.165920000000e-01 7.089750000000e-02 1.455450000000e-01 1.000000000000e-01 1.000000000000e-01 1.000000000000e-01 1.000000000000e-01
8.163998399856e-03 1.746310000000e-01 -1.527530000000e-01 -5.943200000000e-02 1.873620000000e-01 1.000000000000e-01 1.000000000000e-01 1.000000000000e-01 1.000000000000e-01
1.346779580667e-02 2.630180000000e-02 -1.819090000000e-02 5.251750000000e-02 1.566110000000e-01 1.000000000000e-01 1.000000000000e-01 1.000000000000e-01 1.000000000000e-01
2.221708760642e-02 7.819610000000e-02 -4.298000000000e-02 -9.581840000000e-02 1.311840000000e-01 1.000000000000e-01 1.000000000000e-01 1.000000000000e-01 1.000000000000e-01
3.665030841235e-02 5.670220000000e-02 -1.263250000000e-02 -7.078940000000e-02 7.102970000000e-02 1.000000000000e-01 1.000000000000e-01 1.000000000000e-01 1.000000000000e-01
6.046022321914e-02 1.021510000000e-01 -1.505660000000e-01 -2.035140000000e-01 1.491030000000e-01 1.000000000000e+01 1.000000000000e+01 1.000000000000e+01 1.000000000000e+01
9.973768987563e-02 -8.345880000000e-01 1.116200000000e+00 -5.750900000000e-02 -8.166720000000e-01 1.000000000000e+01 1.000000000000e+01 1.000000000000e+01 1.000000000000e+01
1.645318657091e-01 -4.198060000000e-01 1.928740000000e-01 -9.786270000000e-02 -5.944310000000e-01 1.000000000000e+01 1.000000000000e+01 1.000000000000e+01 1.000000000000e+01
2.714212430550e-01 6.962220000000e-02 7.495440000000e-02 -2.040930000000e-01 -1.087970000000e-01 1.000000000000e+01 1.000000000000e+01 1.000000000000e+01 1.000000000000e+01
4.477498332132e-01 9.520180000000e-03 1.200230000000e-01 -4.896860000000e-02 -1.540250000000e-01 1.000000000000e-01 1.000000000000e-01 1.000000000000e-01 1.000000000000e-01
7.386288094781e-01 -3.527000000000e-02 1.974570000000e-01 -8.439200000000e-02 -4.508240000000e-02 1.000000000000e-01 1.000000000000e-01 1.000000000000e-01 1.000000000000e-01
1.218479459483e+00 -6.191980000000e-02 6.782850000000e-02 4.724160000000e-02 -1.112990000000e-01 1.000000000000e-01 1.000000000000e-01 1.000000000000e-01 1.000000000000e-01
2.010058331893e+00 -1.940110000000e-01 6.931350000000e-02 9.047400000000e-03 -7.626060000000e-02 1.000000000000e-01 1.000000000000e-01 1.000000000000e-01 1.000000000000e-01
3.315891742766e+00 -1.743560000000e-01 1.930950000000e-02 7.203980000000e-02 -9.145840000000e-02 1.000000000000e-01 1.000000000000e-01 1.000000000000e-01 1.000000000000e-01
5.470040587701e+00 -1.632580000000e-01 -3.752610000000e-02 9.809680000000e-02 -4.608480000000e-02 1.000000000000e-01 1.000000000000e-01 1.000000000000e-01 1.000000000000e-01
9.023641941888e+00 -1.207070000000e-01 -7.965120000000e-02 1.341760000000e-01 -6.012160000000e-02 1.000000000000e-01 1.000000000000e-01 1.000000000000e-01 1.000000000000e-01
1.488580355800e+01 -7.755370000000e-02 -1.072930000000e-01 1.286950000000e-01 -3.616260000000e-03 1.000000000000e-01 1.000000000000e-01 1.000000000000e-01 1.000000000000e-01
2.455638883568e+01 -2.661740000000e-02 -1.178960000000e-01 1.010610000000e-01 -1.058050000000e-02 1.000000000000e-01 1.000000000000e-01 1.000000000000e-01 1.000000000000e-01
4.050944680299e+01 3.204220000000e-02 -1.076040000000e-01 9.282160000000e-02 -9.847010000000e-03 1.000000000000e-01 1.000000000000e-01 1.000000000000e-01 1.000000000000e-01
6.682615843146e+01 8.143040000000e-02 -7.388350000000e-02 1.011700000000e-01 -1.495350000000e-02 1.000000000000e-01 1.000000000000e-01 1.000000000000e-01 1.000000000000e-01
1.102399703675e+02 1.100300000000e-01 -2.155020000000e-02 5.041990000000e-02 -5.366960000000e-03 1.000000000000e-01 1.000000000000e-01 1.000000000000e-01 1.000000000000e-01
1.818568677337e+02 1.063060000000e-01 3.140740000000e-02 1.083400000000e-01 1.875140000000e-02 1.000000000000e-01 1.000000000000e-01 1.000000000000e-01 1.000000000000e-01
3.000003000003e+02 8.386890000000e-02 6.809730000000e-02 1.077810000000e-01 -4.039930000000e-03 1.000000000000e-01 1.000000000000e-01 1.000000000000e-01 1.000000000000e-01
1008 1008 1 5.898535 2.248781
24
3.000003000003e-03 -2.463700000000e-03 -9.922640000000e-02 1.025840000000e-01 1.353890000000e-02 1.000000000000e-01 1.000000000000e-01 1.000000000000e-01 1.000000000000e-01
4.948951564611e-03 -7.816510000000e-03 -1.272550000000e-01 1.829610000000e-01 1.600170000000e-01 1.000000000000e-01 1.000000000000e-01 1.000000000000e-01 1.000000000000e-01
8.163998399856e-03 6.788430000000e-02 -1.186590000000e-01 8.061210000000e-02 1.626600000000e-01 1.000000000000e-01 1.000000000000e-01 1.000000000000e-01 1.000000000000e-01
1.346779580667e-02 3.682280000000e-02 -8.217760000000e-02 -2.006430000000e-02 2.521900000000e-01 1.000000000000e-01 1.000000000000e-01 1.000000000000e-01 1.000000000000e-01
2.221708760642e-02 9.570390000000e-02 -8.885230000000e-02 -1.042460000000e-01 1.447950000000e-01 1.000000000000e-01 1.000000000000e-01 1.000000000000e-01 1.000000000000e-01
3.665030841235e-02 8.042520000000e-02 -9.636580000000e-02 -1.639000000000e-01 3.718740000000e-02 1.000000000000e-01 1.000000000000e-01 1.000000000000e-01 1.000000000000e-01
6.046022321914e-02 1.717910000000e-01 -1.130730000000e-01 -1.639590000000e-01 1.859530000000e-02 1.000000000000e-01 1.000000000000e-01 1.000000000000e-01 1.000000000000e-01
9.973768987563e-02 2.995310000000e-02 -1.352710000000e-01 -1.265500000000e-01 1.053520000000e-01 1.000000000000e-01 1.000000000000e-01 1.000000000000e-01 1.000000000000e-01
1.645318657091e-01 1.503320000000e-01 -9.903760000000e-02 -1.884020000000e-01 -7.383310000000e-02 1.000000000000e-01 1.000000000000e-01 1.000000000000e-01 1.000000000000e-01
2.714212430550e-01 1.953570000000e-01 -1.961320000000e-01 -7.577920000000e-02 7.663770000000e-03 1.000000000000e-01 1.000000000000e-01 1.000000000000e-01 1.000000000000e-01
4.477498332132e-01 2.609370000000e-01 -2.187860000000e-01 -9.177910000000e-02 7.675940000000e-02 1.000000000000e-01 1.000000000000e-01 1.000000000000e-01 1.000000000000e-01
7.386288094781e-01 3.463690000000e-01 -1.949290000000e-01 -1.241190000000e-01 9.787560000000e-02 1.000000000000e-01 1.000000000000e-01 1.000000000000e-01 1.000000000000e-01
1.218479459483e+00 4.483190000000e-01 -1.830800000000e-01 -1.478700000000e-01 1.389160000000e-01 1.000000000000e-01 1.000000000000e-01 1.000000000000e-01 1.000000000000e-01
2.010058331893e+00 5.532110000000e-01 -1.092720000000e-01 -2.164530000000e-01 2.057470000000e-01 1.000000000000e-01 1.000000000000e-01 1.000000000000e-01 1.000000000000e-01
3.315891742766e+00 5.830880000000e-01 -2.433350000000e-03 -3.614920000000e-01 2.421340000000e-01 1.000000000000e-01 1.000000000000e-01 1.000000000000e-01 1.000000000000e-01
5.470040587701e+00 5.593640000000e-01 9.480120000000e-02 -4.721540000000e-01 2.029750000000e-01 1.000000000000e-01 1.000000000000e-01 1.000000000000e-01 1.000000000000e-01
9.023641941888e+00 4.920630000000e-01 1.715930000000e-01 -5.792330000000e-01 1.504090000000e-01 1.000000000000e-01 1.000000000000e-01 1.000000000000e-01 1.000000000000e-01
1.488580355800e+01 3.742500000000e-01 2.257360000000e-01 -5.978200000000e-01 3.698160000000e-02 1.000000000000e-01 1.000000000000e-01 1.000000000000e-01 1.000000000000e-01
2.455638883568e+01 2.558330000000e-01 2.068820000000e-01 -5.887180000000e-01 -7.028120000000e-02 1.000000000000e-01 1.000000000000e-01 1.000000000000e-01 1.000000000000e-01
4.050944680299e+01 1.695790000000e-01 1.409600000000e-01 -5.199450000000e-01 -1.551000000000e-01 1.000000000000e-01 1.000000000000e-01 1.000000000000e-01 1.000000000000e-01
6.682615843146e+01 1.372120000000e-01 4.964610000000e-02 -4.193480000000e-01 -1.844800000000e-01 1.000000000000e-01 1.000000000000e-01 1.000000000000e-01 1.000000000000e-01
1.102399703675e+02 1.568810000000e-01 -1.145930000000e-02 -3.487860000000e-01 -1.816090000000e-01 1.000000000000e-01 1.000000000000e-01 1.000000000000e-01 1.000000000000e-01
1.818568677337e+02 2.077440000000e-01 -3.709320000000e-02 -2.914110000000e-01 -1.794750000000e-01 1.000000000000e-01 1.000000000000e-01 1.000000000000e-01 1.000000000000e-01
3.000003000003e+02 2.442680000000e-01 -2.021950000000e-02 -2.449030000000e-01 -1.911310000000e-01 1.000000000000e-01 1.000000000000e-01 1.000000000000e-01 1.000000000000e-01
1009 1009 1 -5.341274 5.240312
24
3.000003000003e-03 -2.554550000000e-02 -8.717770000000e-02 1.811150000000e-01 7.802260000000e-02 1.000000000000e-01 1.000000000000e-01 1.000000000000e-01 1.000000000000e-01
4.948951564611e-03 -4.334280000000e-02 -7.054110000000e-02 1.380950000000e-01 1.587130000000e-01 1.000000000000e-01 1.000000000000e-01 1.000000000000e-01 1.000000000000e-01
8.163998399856e-03 4.891770000000e-02 -9.566980000000e-02 2.105930000000e-03 1.984470000000e-01 1.000000000000e-01 1.000000000000e-01 1.000000000000e-01 1.000000000000e-01
1.346779580667e-02 1.339410000000e-01 -4.784330000000e-02 -5.744990000000e-02 1.551510000000e-01 1.000000000000e-01 1.000000000000e-01 1.000000000000e-01 1.000000000000e-01
2.221708760642e-02 1.195630000000e-01 -7.883060000000e-02 -1.593290000000e-01 1.630370000000e-01 1.000000000000e-01 1.000000000000e-01 1.000000000000e-01 1.000000000000e-01
3.665030841235e-02 1.425360000000e-01 -5.856470000000e-02 -2.389330000000e-01 3.492590000000e-02 1.000000000000e-01 1.000000000000e-01 1.000000000000e-01 1.000000000000e-01
6.046022321914e-02 1.328010000000e-01 -6.577070000000e-02 -3.860750000000e-01 1.597790000000e-01 1.000000000000e-01 1.000000000000e-01 1.000000000000e-01 1.000000000000e-01
9.973768987563e-02 8.345160000000e-02 -6.282110000000e-02 -1.353090000000e-01 3.312940000000e-03 1.000000000000e-01 1.000000000000e-01 1.000000000000e-01 1.000000000000e-01
1.645318657091e-01 1.975600000000e-01 3.112010000000e-02 -2.138230000000e-01 -6.613130000000e-02 1.000000000000e-01 1.000000000000e-01 1.000000000000e-01 1.000000000000e-01
2.714212430550e-01 2.661050000000e-01 -4.966960000000e-02 -4.511290000000e-01 -9.242430000000e-02 1.000000000000e-01 1.000000000000e-01 1.000000000000e-01 1.000000000000e-01
4.477498332132e-01 2.341290000000e-01 -5.064930000000e-02 -1.849750000000e-01 1.536640000000e-01 1.000000000000e-01 1.000000000000e-01 1.000000000000e-01 1.000000000000e-01
7.386288094781e-01 1.860660000000e-01 7.172910000000e-02 -2.512640000000e-01 1.669580000000e-02 1.000000000000e-01 1.000000000000e-01 1.000000000000e-01 1.000000000000e-01
1.218479459483e+00 1.651380000000e-01 3.370970000000e-02 -1.953200000000e-01 -3.942190000000e-02 1.000000000000e-01 1.000000000000e-01 1.000000000000e-01 1.000000000000e-01
2.010058331893e+00 1.051750000000e-01 -7.623370000000e-03 -1.586140000000e-01 -7.351810000000e-02 1.000000000000e-01 1.000000000000e-01 1.000000000000e-01 1.000000000000e-01
3.315891742766e+00 9.799900000000e-02 5.578090000000e-02 -1.658540000000e-01 -4.822710000000e-02 1.000000000000e-01 1.000000000000e-01 1.000000000000e-01 1.000000000000e-01
5.470040587701e+00 8.210040000000e-02 3.205260000000e-02 -1.297140000000e-01 -3.858810000000e-02 1.000000000000e-01 1.000000000000e-01 1.000000000000e-01 1.000000000000e-01
9.023641941888e+00 5.708960000000e-02 -1.426740000000e-02 -9.304950000000e-02 3.140390000000e-02 1.000000000000e-01 1.000000000000e-01 1.000000000000e-01 1.000000000000e-01
1.488580355800e+01 8.989310000000e-02 -4.496580000000e-02 -1.140040000000e-01 2.812240000000e-02 1.000000000000e-01 1.000000000000e-01 1.000000000000e-01 1.000000000000e-01
2.455638883568e+01 1.239550000000e-01 -7.017320000000e-02 -1.368950000000e-01 5.226860000000e-02 1.000000000000e-01 1.000000000000e-01 1.000000000000e-01 1.000000000000e-01
4.050944680299e+01 1.702370000000e-01 -7.561670000000e-02 -1.753780000000e-01 6.398040000000e-02 1.000000000000e-01 1.000000000000e-01 1.000000000000e-01 1.000000000000e-01
6.682615843146e+01 2.236260000000e-01 -4.714720000000e-02 -2.218990000000e-01 4.677810000000e-02 1.000000000000e-01 1.000000000000e-01 1.000000000000e-01 1.000000000000e-01
1.102399703675e+02 2.452120000000e-01 6.275450000000e-03 -2.522870000000e-01 5.547640000000e-03 1.000000000000e-01 1.000000000000e-01 1.000000000000e-01 1.000000000000e-01
1.818568677337e+02 2.264670000000e-01 7.482490000000e-02 -2.520460000000e-01 -5.876700000000e-02 1.000000000000e-01 1.000000000000e-01 1.000000000000e-01 1.000000000000e-01
3.000003000003e+02 1.776210000000e-01 1.188390000000e-01 -2.134460000000e-01 -1.264080000000e-01 1.000000000000e-01 1.000000000000e-01 1.000000000000e-01 1.000000000000e-01
1010 1010 1 -2.818695 5.171237
24
3.000003000003e-03 1.207700000000e-01 -1.863700000000e-01 8.578100000000e-02 7.624110000000e-02 1.000000000000e-01 1.000000000000e-01 1.000000000000e-01 1.000000000000e-01
4.948951564611e-03 -6.638730000000e-02 -4.437240000000e-01 3.206560000000e-01 5.012050000000e-01 1.000000000000e+01 1.000000000000e+01 1.000000000000e+01 1.000000000000e+01
8.163998399856e-03 1.189360000000e-01 -1.376760000000e-01 4.361580000000e-02 2.675930000000e-01 1.000000000000e+01 1.000000000000e+01 1.000000000000e+01 1.000000000000e+01
1.346779580667e-02 1.135910000000e-01 -3.567810000000e-02 -5.453530000000e-03 1.205520000000e-01 1.000000000000e+01 1.000000000000e+01 1.000000000000e+01 1.000000000000e+01
2.221708760642e-02 1.075450000000e-01 1.729320000000e-03 -1.145790000000e-01 2.961110000000e-03 1.000000000000e+01 1.000000000000e+01 1.000000000000e+01 1.000000000000e+01
3.665030841235e-02 8.231970000000e-02 3.373610000000e-02 -1.513200000000e-01 6.944340000000e-02 1.000000000000e+01 1.000000000000e+01 1.000000000000e+01 1.000000000000e+01
6.046022321914e-02 7.612980000000e-02 -3.261800000000e+00 -4.195730000000e-01 -8.940540000000e-01 1.000000000000e+01 1.000000000000e+01 1.000000000000e+01 1.000000000000e+01
9.973768987563e-02 -1.410450000000e+00 -6.506970000000e-01 -6.639410000000e-01 2.371660000000e+00 1.000000000000e+01 1.000000000000e+01 1.000000000000e+01 1.000000000000e+01
1.645318657091e-01 -1.458700000000e+00 4.611600000000e+00 -3.122260000000e+00 5.060570000000e-01 1.000000000000e+01 1.000000000000e+01 1.000000000000e+01 1.000000000000e+01
2.714212430550e-01 7.230540000000e-01 7.155530000000e-01 3.037810000000e+00 -2.550660000000e+00 1.000000000000e+01 1.000000000000e+01 1.000000000000e+01 1.000000000000e+01
4.477498332132e-01 -2.271650000000e-02 1.383030000000e-01 -1.529670000000e-01 -3.324940000000e-01 1.000000000000e+01 1.000000000000e+01 1.000000000000e+01 1.000000000000e+01
7.386288094781e-01 2.647080000000e-01 9.459590000000e-01 -1.970780000000e-01 -5.343870000000e-01 1.000000000000e+01 1.000000000000e+01 1.000000000000e+01 1.000000000000e+01
1.218479459483e+00 3.119300000000e-01 -6.038740000000e-02 -9.942560000000e-02 -1.655940000000e-01 1.000000000000e+01 1.000000000000e+01 1.000000000000e+01 1.000000000000e+01
2.010058331893e+00 -5.055130000000e-01 -1.047990000000e-01 -3.069420000000e-01 -3.258620000000e-01 1.000000000000e+01 1.000000000000e+01 1.000000000000e+01 1.000000000000e+01
3.315891742766e+00 1.101630000000e-01 1.279200000000e-02 -1.025830000000e-01 -1.121800000000e-01 1.000000000000e+01 1.000000000000e+01 1.000000000000e+01 1.000000000000e+01
5.470040587701e+00 8.067620000000e-02 3.736610000000e-03 -3.956970000000e-02 -1.315930000000e-01 1.000000000000e+01 1.000000000000e+01 1.000000000000e+01 1.000000000000e+01
9.023641941888e+00 7.109410000000e-02 -1.803250000000e-02 -1.308130000000e-02 -1.016380000000e-01 1.000000000000e+01 1.000000000000e+01 1.000000000000e+01 1.000000000000e+01
1.488580355800e+01 1.034830000000e-01 -3.785850000000e-02 2.834700000000e-02 -5.308030000000e-02 1.000000000000e-01 1.000000000000e-01 1.000000000000e-01 1.000000000000e-01
2.455638883568e+01 1.256880000000e-01 -3.861970000000e-02 4.052270000000e-02 -1.245270000000e-02 1.000000000000e-01 1.000000000000e-01 1.000000000000e-01 1.000000000000e-01
4.050944680299e+01 1.489250000000e-01 -1.765990000000e-02 3.209720000000e-02 1.036480000000e-02 1.000000000000e-01 1.000000000000e-01 1.000000000000e-01 1.000000000000e-01
6.682615843146e+01 1.514120000000e-01 7.562750000000e-03 9.683940000000e-03 1.911410000000e-02 1.000000000000e-01 1.000000000000e-01 1.000000000000e-01 1.000000000000e-01
1.102399703675e+02 1.388060000000e-01 2.333100000000e-02 -9.396460000000e-03 1.797220000000e-02 1.000000000000e-01 1.000000000000e-01 1.000000000000e-01 1.000000000000e-01
1.818568677337e+02 1.202630000000e-01 3.132490000000e-02 -2.156690000000e-02 -1.531580000000e-03 1.000000000000e-01 1.000000000000e-01 1.000000000000e-01 1.000000000000e-01
3.000003000003e+02 1.036280000000e-01 3.096140000000e-02 -1.950480000000e-02 -2.491750000000e-02 1.000000000000e-01 1.000000000000e-01 1.000000000000e-01 1.000000000000e-01
1011 1011 1 -6.706907 3.699694
22
8.163998399856e-03 4.146250000000e-02 -2.792070000000e-02 1.205730000000e+00 1.588700000000e-01 1.000000000000e+01 1.000000000000e+01 1.000000000000e+01 1.000000000000e+01
1.346779580667e-02 6.552320000000e-02 -1.361000000000e-01 -1.618350000000e-01 1.492650000000e-01 1.000000000000e+01 1.000000000000e+01 1.000000000000e+01 1.000000000000e+01
2.221708760642e-02 2.455350000000e-01 -2.501410000000e-01 -3.061610000000e-01 2.485430000000e-01 1.000000000000e+01 1.000000000000e+01 1.000000000000e+01 1.000000000000e+01
3.665030841235e-02 -5.565630000000e-02 -4.038600000000e-01 -4.137010000000e-01 6.450450000000e-01 1.000000000000e+01 1.000000000000e+01 1.000000000000e+01 1.000000000000e+01
6.046022321914e-02 4.520440000000e+00 2.951980000000e+00 -6.293270000000e+00 -3.320720000000e+00 1.000000000000e+01 1.000000000000e+01 1.000000000000e+01 1.000000000000e+01
9.973768987563e-02 -2.255240000000e+00 2.979770000000e+00 -1.080430000000e+00 1.398330000000e+00 1.000000000000e+01 1.000000000000e+01 1.000000000000e+01 1.000000000000e+01
1.645318657091e-01 3.332560000000e-01 -5.923890000000e-01 -1.338360000000e+00 -7.656470000000e-01 1.000000000000e+01 1.000000000000e+01 1.000000000000e+01 1.000000000000e+01
2.714212430550e-01 1.236050000000e-01 2.747400000000e-01 2.285790000000e-03 3.443850000000e-01 1.000000000000e+01 1.000000000000e+01 1.000000000000e+01 1.000000000000e+01
4.477498332132e-01 4.067220000000e-02 7.426730000000e-02 -7.770160000000e-02 -1.630930000000e-01 1.000000000000e+01 1.000000000000e+01 1.000000000000e+01 1.000000000000e+01
7.386288094781e-01 1.670520000000e-01 -2.284460000000e-02 -1.224780000000e-01 -1.423300000000e-02 1.000000000000e+01 1.000000000000e+01 1.000000000000e+01 1.000000000000e+01
1.218479459483e+00 2.941240000000e-01 1.859970000000e-02 -6.296900000000e-02 -7.341080000000e-02 1.000000000000e-01 1.000000000000e-01 1.000000000000e-01 1.000000000000e-01
2.010058331893e+00 1.340310000000e-01 8.593660000000e-03 -5.633060000000e-02 -4.084690000000e-02 1.000000000000e-01 1.000000000000e-01 1.000000000000e-01 1.000000000000e-01
3.315891742766e+00 1.028220000000e-01 1.036390000000e-01 -4.437500000000e-02 -1.043780000000e-01 1.000000000000e-01 1.000000000000e-01 1.000000000000e-01 1.000000000000e-01
5.470040587701e+00 6.231670000000e-02 6.996450000000e-02 -4.080550000000e-02 -4.220800000000e-02 1.000000000000e-01 1.000000000000e-01 1.000000000000e-01 1.000000000000e-01
9.023641941888e+00 3.267650000000e-02 4.578180000000e-02 -2.751800000000e-02 -2.638180000000e-02 1.000000000000e-01 1.000000000000e-01 1.000000000000e-01 1.000000000000e-01
1.488580355800e+01 2.611050000000e-02 1.498140000000e-02 -1.944520000000e-02 2.073940000000e-02 1.000000000000e-01 1.000000000000e-01 1.000000000000e-01 1.000000000000e-01
2.455638883568e+01 3.188140000000e-02 -1.067800000000e-02 -3.664570000000e-02 5.234570000000e-02 1.000000000000e-01 1.000000000000e-01 1.000000000000e-01 1.000000000000e-01
4.050944680299e+01 4.568940000000e-02 -2.757560000000e-02 -6.707640000000e-02 7.470310000000e-02 1.000000000000e-01 1.000000000000e-01 1.000000000000e-01 1.000000000000e-01
6.682615843146e+01 6.870590000000e-02 -3.541560000000e-02 -1.081190000000e-01 9.105510000000e-02 1.000000000000e-01 1.000000000000e-01 1.000000000000e-01 1.000000000000e-01
1.102399703675e+02 9.069150000000e-02 -3.167520000000e-02 -1.533910000000e-01 8.921790000000e-02 1.000000000000e-01 1.000000000000e-01 1.000000000000e-01 1.000000000000e-01
1.818568677337e+02 1.065250000000e-01 -1.501270000000e-02 -2.033080000000e-01 6.274770000000e-02 1.000000000000e-01 1.000000000000e-01 1.000000000000e-01 1.000000000000e-01
3.000003000003e+02 1.096540000000e-01 5.231520000000e-03 -2.293550000000e-01 1.523260000000e-02 1.000000000000e-01 1.000000000000e-01 1.000000000000e-01 1.000000000000e-01
1012 1012 1 2.441000 4.177806
24
3.000003000003e-03 1.420610000000e-02 -8.461250000000e-02 1.728580000000e-01 1.804500000000e-01 1.000000000000e-01 1.000000000000e-01 1.000000000000e-01 1.000000000000e-01
4.948951564611e-03 -4.963940000000e-02 -7.210900000000e-02 2.092600000000e-01 1.581740000000e-01 1.000000000000e-01 1.000000000000e-01 1.000000000000e-01 1.000000000000e-01
8.163998399856e-03 5.724730000000e-02 -9.275570000000e-02 2.745840000000e-02 1.668780000000e-01 1.000000000000e-01 1.000000000000e-01 1.000000000000e-01 1.000000000000e-01
1.346779580667e-02 1.128190000000e-01 -7.520200000000e-02 -7.562250000000e-02 1.918630000000e-01 1.000000000000e-01 1.000000000000e-01 1.000000000000e-01 1.000000000000e-01
2.221708760642e-02 8.148280000000e-02 -1.267470000000e-02 -9.852930000000e-02 1.494560000000e-01 1.000000000000e-01 1.000000000000e-01 1.000000000000e-01 1.000000000000e-01
3.665030841235e-02 1.155050000000e-01 -2.390870000000e-02 -1.823630000000e-01 1.044340000000e-01 1.000000000000e-01 1.000000000000e-01 1.000000000000e-01 1.000000000000e-01
6.046022321914e-02 1.152450000000e-01 -4.280550000000e-02 -1.541110000000e-01 4.882460000000e-02 1.000000000000e-01 1.000000000000e-01 1.000000000000e-01 1.000000000000e-01
9.973768987563e-02 2.233830000000e-02 -3.915340000000e-02 -2.398670000000e-01 1.089060000000e-01 1.000000000000e-01 1.000000000000e-01 1.000000000000e-01 1.000000000000e-01
1.645318657091e-01 1.215740000000e-01 -8.712310000000e-02 -2.297470000000e-01 1.762940000000e-01 1.000000000000e-01 1.000000000000e-01 1.000000000000e-01 1.000000000000e-01
2.714212430550e-01 4.975920000000e-02 6.334190000000e-02 -2.251420000000e-01 -3.140740000000e-02 1.000000000000e-01 1.000000000000e-01 1.000000000000e-01 1.000000000000e-01
4.477498332132e-01 1.746830000000e-02 1.244880000000e-01 -1.219100000000e-01 4.089300000000e-02 1.000000000000e-01 1.000000000000e-01 1.000000000000e-01 1.000000000000e-01
7.386288094781e-01 -4.337780000000e-02 1.615950000000e-01 -1.959810000000e-01 -4.531430000000e-02 1.000000000000e-01 1.000000000000e-01 1.000000000000e-01 1.000000000000e-01
1.218479459483e+00 -1.305990000000e-01 1.741400000000e-01 -1.471730000000e-01 -5.139500000000e-02 1.000000000000e-01 1.000000000000e-01 1.000000000000e-01 1.000000000000e-01
2.010058331893e+00 -2.070590000000e-01 1.456460000000e-01 -9.086280000000e-02 -6.491550000000e-02 1.000000000000e-01 1.000000000000e-01 1.000000000000e-01 1.000000000000e-01
3.315891742766e+00 -2.534390000000e-01 8.586840000000e-02 -6.228880000000e-02 -7.214360000000e-02 1.000000000000e-01 1.000000000000e-01 1.000000000000e-01 1.000000000000e-01
5.470040587701e+00 -2.863390000000e-01 1.957970000000e-02 -2.405400000000e-02 -7.316710000000e-02 1.000000000000e-01 1.000000000000e-01 1.000000000000e-01 1.000000000000e-01
9.023641941888e+00 -2.806360000000e-01 -5.756570000000e-02 -3.170580000000e-02 -6.976430000000e-02 1.000000000000e-01 1.000000000000e-01 1.000000000000e-01 1.000000000000e-01
1.488580355800e+01 -2.357340000000e-01 -1.024240000000e-01 -2.097210000000e-03 -4.574330000000e-02 1.000000000000e-01 1.000000000000e-01 1.000000000000e-01 1.000000000000e-01
2.455638883568e+01 -1.829040000000e-01 -1.366710000000e-01 7.420450000000e-03 -4.855880000000e-02 1.000000000000e-01 1.000000000000e-01 1.000000000000e-01 1.000000000000e-01
4.050944680299e+01 -1.180180000000e-01 -1.556390000000e-01 2.500850000000e-02 -4.947310000000e-02 1.000000000000e-01 1.000000000000e-01 1.000000000000e-01 1.000000000000e-01
6.682615843146e+01 -4.966590000000e-02 -1.585280000000e-01 5.413580000000e-02 -3.991240000000e-02 1.000000000000e-01 1.000000000000e-01 1.000000000000e-01 1.000000000000e-01
1.102399703675e+02 1.466510000000e-02 -1.155380000000e-01 7.617840000000e-02 -3.302350000000e-02 1.000000000000e-01 1.000000000000e-01 1.000000000000e-01 1.000000000000e-01
1.818568677337e+02 6.872280000000e-02 -1.266730000000e-01 7.389710000000e-02 2.691700000000e-02 1.000000000000e-01 1.000000000000e-01 1.000000000000e-01 1.000000000000e-01
3.000003000003e+02 1.086780000000e-01 -9.558030000000e-02 4.679070000000e-02 5.170160000000e-02 1.000000000000e-01 1.000000000000e-01 1.000000000000e-01 1.000000000000e-01
1013 1013 1 3.035346 1.098690
24
3.000003000003e-03 -3.426270000000e-02 -5.483220000000e-02 1.076230000000e-01 1.071570000000e-01 1.000000000000e-01 1.000000000000e-01 1.000000000000e-01 1.000000000000e-01
4.948951564611e-03 2.587580000000e-02 -5.896880000000e-02 1.642220000000e-01 1.559670000000e-01 1.000000000000e-01 1.000000000000e-01 1.000000000000e-01 1.000000000000e-01
8.163998399856e-03 6.072980000000e-02 -8.506920000000e-02 3.248870000000e-02 1.574530000000e-01 1.000000000000e-01 1.000000000000e-01 1.000000000000e-01 1.000000000000e-01
1.346779580667e-02 8.256220000000e-02 -8.291350000000e-02 -6.351410000000e-02 1.332880000000e-01 1.000000000000e-01 1.000000000000e-01 1.000000000000e-01 1.000000000000e-01
2.221708760642e-02 9.651300000000e-02 -4.337560000000e-02 -5.576310000000e-02 1.457040000000e-01 1.000000000000e-01 1.000000000000e-01 1.000000000000e-01 1.000000000000e-01
3.665030841235e-02 7.102780000000e-02 -8.332820000000e-02 -1.567560000000e-01 1.434080000000e-01 1.000000000000e-01 1.000000000000e-01 1.000000000000e-01 1.000000000000e-01
6.046022321914e-02 1.433010000000e-01 -8.362590000000e-03 -8.174520000000e-02 -1.443600000000e-03 1.000000000000e-01 1.000000000000e-01 1.000000000000e-01 1.000000000000e-01
9.973768987563e-02 1.421500000000e-02 -1.388340000000e-01 -1.112930000000e-01 1.497750000000e-01 1.000000000000e-01 1.000000000000e-01 1.000000000000e-01 1.000000000000e-01
1.645318657091e-01 1.888530000000e-02 -1.291430000000e-03 -1.085120000000e-01 3.985790000000e-02 1.000000000000e-01 1.000000000000e-01 1.000000000000e-01 1.000000000000e-01
2.714212430550e-01 7.691790000000e-02 1.249310000000e-02 -1.756810000000e-01 -5.815550000000e-02 1.000000000000e-01 1.000000000000e-01 1.000000000000e-01 1.000000000000e-01
4.477498332132e-01 1.344260000000e-02 2.435210000000e-02 -1.424900000000e-01 -4.225200000000e-02 1.000000000000e-01 1.000000000000e-01 1.000000000000e-01 1.000000000000e-01
7.386288094781e-01 8.279880000000e-02 2.478070000000e-02 -1.092490000000e-01 1.018250000000e-02 1.000000000000e-01 1.000000000000e-01 1.000000000000e-01 1.000000000000e-01
1.218479459483e+00 -5.721110000000e-03 9.585190000000e-02 -4.969180000000e-02 -3.801670000000e-03 1.000000000000e-01 1.000000000000e-01 1.000000000000e-01 1.000000000000e-01
2.010058331893e+00 -5.446700000000e-02 9.420960000000e-02 -7.799260000000e-02 3.523140000000e-02 1.000000000000e-01 1.000000000000e-01 1.000000000000e-01 1.000000000000e-01
3.315891742766e+00 -9.134610000000e-02 1.326430000000e-01 -1.134850000000e-01 1.202140000000e-02 1.000000000000e-01 1.000000000000e-01 1.000000000000e-01 1.000000000000e-01
5.470040587701e+00 -1.507390000000e-01 1.295350000000e-01 -1.227520000000e-01 2.788310000000e-02 1.000000000000e-01 1.000000000000e-01 1.000000000000e-01 1.000000000000e-01
9.023641941888e+00 -2.040670000000e-01 9.081320000000e-02 -1.345930000000e-01 1.397470000000e-02 1.000000000000e-01 1.000000000000e-01 1.000000000000e-01 1.000000000000e-01
1.488580355800e+01 -2.510770000000e-01 2.314120000000e-02 -1.773520000000e-01 6.885160000000e-02 1.000000000000e-01 1.000000000000e-01 1.000000000000e-01 1.000000000000e-01
2.455638883568e+01 -2.468480000000e-01 -4.961160000000e-02 -2.150690000000e-01 6.337990000000e-02 1.000000000000e-01 1.000000000000e-01 1.000000000000e-01 1.000000000000e-01
4.050944680299e+01 -2.160290000000e-01 -1.152100000000e-01 -2.153470000000e-01 6.295400000000e-02 1.000000000000e-01 1.000000000000e-01 1.000000000000e-01 1.000000000000e-01
6.682615843146e+01 -1.354340000000e-01 -1.445010000000e-01 -2.119040000000e-01 4.883880000000e-02 1.000000000000e-01 1.000000000000e-01 1.000000000000e-01 1.000000000000e-01
1.102399703675e+02 -9.827210000000e-02 -1.521280000000e-01 -2.183290000000e-01 8.165560000000e-02 1.000000000000e-01 1.000000000000e-01 1.000000000000e-01 1.000000000000e-01
1.818568677337e+02 -2.598720000000e-02 -1.508420000000e-01 -2.537050000000e-01 9.776370000000e-02 1.000000000000e-01 1.000000000000e-01 1.000000000000e-01 1.000000000000e-01
3.000003000003e+02 2.499610000000e-02 -1.543130000000e-01 -2.824320000000e-01 1.107640000000e-01 1.000000000000e-01 1.000000000000e-01 1.000000000000e-01 1.000000000000e-01
1014 1014 1 2.495735 -1.684368
24
3.000003000003e-03 3.427650000000e-02 7.088280000000e-03 1.381230000000e-01 -5.885990000000e-02 1.000000000000e-01 1.000000000000e-01 1.000000000000e-01 1.000000000000e-01
4.948951564611e-03 5.891290000000e-02 -1.119440000000e-01 2.008330000000e-01 1.729310000000e-01 1.000000000000e-01 1.000000000000e-01 1.000000000000e-01 1.000000000000e-01
8.163998399856e-03 3.768460000000e-02 -4.737490000000e-02 8.131670000000e-02 1.182870000000e-01 1.000000000000e-01 1.000000000000e-01 1.000000000000e-01 1.000000000000e-01
1.346779580667e-02 7.986400000000e-02 -7.856030000000e-02 -9.194200000000e-02 2.007320000000e-01 1.000000000000e-01 1.000000000000e-01 1.000000000000e-01 1.000000000000e-01
2.221708760642e-02 5.845710000000e-02 -6.091780000000e-02 -7.516100000000e-02 2.008100000000e-01 1.000000000000e-01 1.000000000000e-01 1.000000000000e-01 1.000000000000e-01
3.665030841235e-02 4.795320000000e-02 -3.719360000000e-02 -9.612880000000e-02 4.421220000000e-03 1.000000000000e-01 1.000000000000e-01 1.000000000000e-01 1.000000000000e-01
6.046022321914e-02 7.537350000000e-02 -6.459110000000e-02 -1.312000000000e-01 3.630190000000e-02 1.000000000000e-01 1.000000000000e-01 1.000000000000e-01 1.000000000000e-01
9.973768987563e-02 4.552950000000e-02 2.142300000000e-02 -1.653220000000e-02 5.521630000000e-02 1.000000000000e-01 1.000000000000e-01 1.000000000000e-01 1.000000000000e-01
1.645318657091e-01 1.578020000000e-01 -4.483320000000e-02 -1.643340000000e-01 -1.197250000000e-01 1.000000000000e-01 1.000000000000e-01 1.000000000000e-01 1.000000000000e-01
2.714212430550e-01 9.121560000000e-02 -8.320630000000e-02 -6.848710000000e-02 -1.181050000000e-01 1.000000000000e-01 1.000000000000e-01 1.000000000000e-01 1.000000000000e-01
4.477498332132e-01 9.608570000000e-02 -9.936750000000e-03 2.662020000000e-03 -4.487870000000e-02 1.000000000000e-01 1.000000000000e-01 1.000000000000e-01 1.000000000000e-01
7.386288094781e-01 1.163550000000e-01 -3.595750000000e-02 7.123480000000e-03 -8.864490000000e-02 1.000000000000e-01 1.000000000000e-01 1.000000000000e-01 1.000000000000e-01
1.218479459483e+00 1.462000000000e-01 1.881980000000e-04 2.083270000000e-02 -5.285340000000e-02 1.000000000000e-01 1.000000000000e-01 1.000000000000e-01 1.000000000000e-01
2.010058331893e+00 1.311410000000e-01 4.833050000000e-03 1.161620000000e-02 -5.252420000000e-02 1.000000000000e-01 1.000000000000e-01 1.000000000000e-01 1.000000000000e-01
3.315891742766e+00 1.415120000000e-01 2.081250000000e-02 2.785950000000e-02 -4.192040000000e-02 1.000000000000e-01 1.000000000000e-01 1.000000000000e-01 1.000000000000e-01
5.470040587701e+00 1.292140000000e-01 2.728370000000e-02 4.608270000000e-02 -4.421480000000e-02 1.000000000000e-01 1.000000000000e-01 1.000000000000e-01 1.000000000000e-01
9.023641941888e+00 9.550630000000e-02 9.893820000000e-03 -5.914260000000e-03 -2.487400000000e-02 1.000000000000e-01 1.000000000000e-01 1.000000000000e-01 1.000000000000e-01
1.488580355800e+01 9.421070000000e-02 1.194030000000e-02 5.709560000000e-02 -2.758120000000e-02 1.000000000000e-01 1.000000000000e-01 1.000000000000e-01 1.000000000000e-01
2.455638883568e+01 8.655350000000e-02 -6.396650000000e-03 7.059480000000e-02 -2.226040000000e-02 1.000000000000e-01 1.000000000000e-01 1.000000000000e-01 1.000000000000e-01
4.050944680299e+01 8.191190000000e-02 -2.872400000000e-02 9.396010000000e-02 8.808470000000e-03 1.000000000000e-01 1.000000000000e-01 1.000000000000e-01 1.000000000000e-01
6.682615843146e+01 1.093630000000e-01 -3.992890000000e-02 1.115480000000e-01 1.811910000000e-02 1.000000000000e-01 1.000000000000e-01 1.000000000000e-01 1.000000000000e-01
1.102399703675e+02 1.324980000000e-01 -7.186230000000e-02 7.933640000000e-02 7.198560000000e-02 1.000000000000e-01 1.000000000000e-01 1.000000000000e-01 1.000000000000e-01
1.818568677337e+02 1.554740000000e-01 -4.865010000000e-02 7.005630000000e-02 5.650820000000e-02 1.000000000000e-01 1.000000000000e-01 1.000000000000e-01 1.000000000000e-01
3.000003000003e+02 1.792600000000e-01 -4.284680000000e-02 3.412730000000e-02 2.340460000000e-02 1.000000000000e-01 1.000000000000e-01 1.000000000000e-01 1.000000000000e-01
1015 1015 1 4.146148 4.791907
24
3.000003000003e-03 5.176560000000e-02 -1.297940000000e-02 1.976610000000e-01 1.464580000000e-01 1.000000000000e-01 1.000000000000e-01 1.000000000000e-01 1.000000000000e-01
4.948951564611e-03 3.290440000000e-02 -3.451230000000e-02 1.032670000000e-01 1.868130000000e-01 1.000000000000e-01 1.000000000000e-01 1.000000000000e-01 1.000000000000e-01
8.163998399856e-03 5.576530000000e-02 -6.608420000000e-02 2.721060000000e-03 1.961000000000e-01 1.000000000000e-01 1.000000000000e-01 1.000000000000e-01 1.000000000000e-01
1.346779580667e-02 9.010850000000e-02 -3.198610000000e-02 -4.218820000000e-02 1.894910000000e-01 1.000000000000e-01 1.000000000000e-01 1.000000000000e-01 1.000000000000e-01
2.221708760642e-02 6.898690000000e-02 2.714470000000e-02 -1.252730000000e-01 1.367910000000e-01 1.000000000000e-01 1.000000000000e-01 1.000000000000e-01 1.000000000000e-01
3.665030841235e-02 6.196440000000e-02 1.146840000000e-02 -1.848180000000e-01 1.200450000000e-01 1.000000000000e-01 1.000000000000e-01 1.000000000000e-01 1.000000000000e-01
6.046022321914e-02 9.890520000000e-02 -1.966590000000e-02 -2.333070000000e-01 6.242020000000e-02 1.000000000000e-01 1.000000000000e-01 1.000000000000e-01 1.000000000000e-01
9.973768987563e-02 5.274260000000e-02 5.466970000000e-02 -2.146830000000e-01 1.899570000000e-02 1.000000000000e-01 1.000000000000e-01 1.000000000000e-01 1.000000000000e-01
1.645318657091e-01 -2.715960000000e-02 8.889800000000e-02 -1.867490000000e-01 -4.481690000000e-04 1.000000000000e-01 1.000000000000e-01 1.000000000000e-01 1.000000000000e-01
2.714212430550e-01 -1.116840000000e-02 1.125340000000e-01 -1.900570000000e-01 2.629980000000e-02 1.000000000000e-01 1.000000000000e-01 1.000000000000e-01 1.000000000000e-01
4.477498332132e-01 -7.192620000000e-02 1.652930000000e-01 -1.796470000000e-01 -3.358040000000e-02 1.000000000000e-01 1.000000000000e-01 1.000000000000e-01 1.000000000000e-01
7.386288094781e-01 -1.648080000000e-01 1.795720000000e-01 -1.734670000000e-01 -2.290110000000e-02 1.000000000000e-01 1.000000000000e-01 1.000000000000e-01 1.000000000000e-01
1.218479459483e+00 -2.378720000000e-01 1.507790000000e-01 -1.323380000000e-01 -2.606890000000e-02 1.000000000000e-01 1.000000000000e-01 1.000000000000e-01 1.000000000000e-01
2.010058331893e+00 -3.413240000000e-01 9.245980000000e-02 -1.724180000000e-01 -2.803450000000e-02 1.000000000000e-01 1.000000000000e-01 1.000000000000e-01 1.000000000000e-01
3.315891742766e+00 -3.635160000000e-01 4.925130000000e-02 -1.637980000000e-01 -4.044510000000e-02 1.000000000000e-01 1.000000000000e-01 1.000000000000e-01 1.000000000000e-01
5.470040587701e+00 -3.689060000000e-01 -1.615050000000e-02 -1.616820000000e-01 -4.140780000000e-02 1.000000000000e-01 1.000000000000e-01 1.000000000000e-01 1.000000000000e-01
9.023641941888e+00 -3.472490000000e-01 -1.022680000000e-01 -2.197940000000e-01 -7.904550000000e-02 1.000000000000e-01 1.000000000000e-01 1.000000000000e-01 1.000000000000e-01
1.488580355800e+01 -2.958930000000e-01 -1.407240000000e-01 -1.600720000000e-01 -5.660820000000e-02 1.000000000000e-01 1.000000000000e-01 1.000000000000e-01 1.000000000000e-01
2.455638883568e+01 -2.324710000000e-01 -1.802540000000e-01 -1.415620000000e-01 -8.482130000000e-02 1.000000000000e-01 1.000000000000e-01 1.000000000000e-01 1.000000000000e-01
4.050944680299e+01 -1.520200000000e-01 -2.153760000000e-01 -1.168570000000e-01 -1.197100000000e-01 1.000000000000e-01 1.000000000000e-01 1.000000000000e-01 1.000000000000e-01
6.682615843146e+01 -5.855690000000e-02 -2.224850000000e-01 -4.989610000000e-02 -1.363710000000e-01 1.000000000000e-01 1.000000000000e-01 1.000000000000e-01 1.000000000000e-01
1.102399703675e+02 3.278210000000e-02 -2.013850000000e-01 1.767510000000e-03 -1.556880000000e-01 1.000000000000e-01 1.000000000000e-01 1.000000000000e-01 1.000000000000e-01
1.818568677337e+02 1.095860000000e-01 -1.851680000000e-01 7.777580000000e-02 -9.583950000000e-02 1.000000000000e-01 1.000000000000e-01 1.000000000000e-01 1.000000000000e-01
3.000003000003e+02 1.647210000000e-01 -1.440500000000e-01 9.454360000000e-02 -6.031810000000e-02 1.000000000000e-01 1.000000000000e-01 1.000000000000e-01 1.000000000000e-01
1016 1016 1 -8.943158 5.434588
24
3.000003000003e-03 -8.132340000000e-03 -8.288240000000e-03 1.840770000000e-01 1.125990000000e-01 1.000000000000e-01 1.000000000000e-01 1.000000000000e-01 1.000000000000e-01
4.948951564611e-03 1.816000000000e-02 -3.850580000000e-02 1.063070000000e-01 1.807920000000e-01 1.000000000000e-01 1.000000000000e-01 1.000000000000e-01 1.000000000000e-01
8.163998399856e-03 3.974510000000e-02 -5.212540000000e-02 1.101000000000e-02 1.921260000000e-01 1.000000000000e-01 1.000000000000e-01 1.000000000000e-01 1.000000000000e-01
1.346779580667e-02 6.267530000000e-02 -6.878790000000e-02 -8.392670000000e-02 2.099720000000e-01 1.000000000000e-01 1.000000000000e-01 1.000000000000e-01 1.000000000000e-01
2.221708760642e-02 6.663290000000e-02 -2.064940000000e-02 -1.399010000000e-01 1.202880000000e-01 1.000000000000e-01 1.000000000000e-01 1.000000000000e-01 1.000000000000e-01
3.665030841235e-02 3.589900000000e-02 -9.366820000000e-02 -1.705890000000e-01 2.121260000000e-01 1.000000000000e-01 1.000000000000e-01 1.000000000000e-01 1.000000000000e-01
6.046022321914e-02 1.089760000000e-01 -7.435100000000e-02 -2.412480000000e-01 6.593050000000e-02 1.000000000000e-01 1.000000000000e-01 1.000000000000e-01 1.000000000000e-01
9.973768987563e-02 1.357080000000e-01 -1.195650000000e-01 -2.814740000000e-01 3.101220000000e-02 1.000000000000e-01 1.000000000000e-01 1.000000000000e-01 1.000000000000e-01
1.645318657091e-01 1.537210000000e-01 -9.356920000000e-02 -2.332670000000e-01 1.022320000000e-02 1.000000000000e-01 1.000000000000e-01 1.000000000000e-01 1.000000000000e-01
2.714212430550e-01 1.862000000000e-01 -6.176440000000e-02 -2.709690000000e-01 3.503920000000e-03 1.000000000000e-01 1.000000000000e-01 1.000000000000e-01 1.000000000000e-01
4.477498332132e-01 1.956960000000e-01 -3.578390000000e-03 -2.505610000000e-01 -3.646450000000e-02 1.000000000000e-01 1.000000000000e-01 1.000000000000e-01 1.000000000000e-01
7.386288094781e-01 2.300710000000e-01 7.919870000000e-03 -2.378200000000e-01 -3.509990000000e-02 1.000000000000e-01 1.000000000000e-01 1.000000000000e-01 1.000000000000e-01
1.218479459483e+00 2.311290000000e-01 4.512820000000e-02 -2.329550000000e-01 -4.176680000000e-02 1.000000000000e-01 1.000000000000e-01 1.000000000000e-01 1.000000000000e-01
2.010058331893e+00 2.543240000000e-01 6.439530000000e-02 -2.532120000000e-01 -4.579740000000e-02 1.000000000000e-01 1.000000000000e-01 1.000000000000e-01 1.000000000000e-01
3.315891742766e+00 2.260580000000e-01 9.455820000000e-02 -2.104720000000e-01 -7.096830000000e-02 1.000000000000e-01 1.000000000000e-01 1.000000000000e-01 1.000000000000e-01
5.470040587701e+00 1.659780000000e-01 1.007790000000e-01 -1.665780000000e-01 -7.851280000000e-02 1.000000000000e-01 1.000000000000e-01 1.000000000000e-01 1.000000000000e-01
9.023641941888e+00 1.246460000000e-01 8.857700000000e-02 -1.506940000000e-01 -9.204900000000e-02 1.000000000000e-01 1.000000000000e-01 1.000000000000e-01 1.000000000000e-01
1.488580355800e+01 8.347570000000e-02 4.249730000000e-02 -1.149450000000e-01 -3.223450000000e-02 1.000000000000e-01 1.000000000000e-01 1.000000000000e-01 1.000000000000e-01
2.455638883568e+01 7.206760000000e-02 2.620350000000e-03 -1.102850000000e-01 -1.130880000000e-02 1.000000000000e-01 1.000000000000e-01 1.000000000000e-01 1.000000000000e-01
4.050944680299e+01 7.941360000000e-02 -3.964070000000e-02 -1.123520000000e-01 5.228670000000e-03 1.000000000000e-01 1.000000000000e-01 1.000000000000e-01 1.000000000000e-01
6.682615843146e+01 1.120180000000e-01 -8.269770000000e-02 -1.234050000000e-01 2.353660000000e-02 1.000000000000e-01 1.000000000000e-01 1.000000000000e-01 1.000000000000e-01
1.102399703675e+02 1.609930000000e-01 -1.015520000000e-01 -1.407580000000e-01 2.930110000000e-02 1.000000000000e-01 1.000000000000e-01 1.000000000000e-01 1.000000000000e-01
1.818568677337e+02 2.154690000000e-01 -9.469220000000e-02 -1.578350000000e-01 2.298730000000e-02 1.000000000000e-01 1.000000000000e-01 1.000000000000e-01 1.000000000000e-01
3.000003000003e+02 2.511270000000e-01 -7.411030000000e-02 -1.654810000000e-01 1.318870000000e-02 1.000000000000e-01 1.000000000000e-01 1.000000000000e-01 1.000000000000e-01
1017 1017 1 -3.466186 0.900306
24
3.000003000003e-03 -4.855550000000e-02 -2.355070000000e-02 1.926820000000e-01 7.837980000000e-02 1.000000000000e-01 1.000000000000e-01 1.000000000000e-01 1.000000000000e-01
4.948951564611e-03 -1.506060000000e-02 -6.527130000000e-02 1.255180000000e-01 1.710840000000e-01 1.000000000000e-01 1.000000000000e-01 1.000000000000e-01 1.000000000000e-01
8.163998399856e-03 6.229940000000e-02 -7.175720000000e-02 5.533550000000e-02 1.828120000000e-01 1.000000000000e-01 1.000000000000e-01 1.000000000000e-01 1.000000000000e-01
1.346779580667e-02 8.601570000000e-02 -5.156980000000e-02 -5.288420000000e-02 1.712000000000e-01 1.000000000000e-01 1.000000000000e-01 1.000000000000e-01 1.000000000000e-01
2.221708760642e-02 8.885970000000e-02 -2.973740000000e-02 -1.152820000000e-01 1.322040000000e-01 1.000000000000e-01 1.000000000000e-01 1.000000000000e-01 1.000000000000e-01
3.665030841235e-02 6.550570000000e-02 -8.560710000000e-02 -1.686110000000e-01 1.063040000000e-01 1.000000000000e-01 1.000000000000e-01 1.000000000000e-01 1.000000000000e-01
6.046022321914e-02 1.176730000000e-01 -1.012600000000e-01 -1.447780000000e-01 2.848620000000e-02 1.000000000000e-01 1.000000000000e-01 1.000000000000e-01 1.000000000000e-01
9.973768987563e-02 1.047400000000e-01 -5.090720000000e-02 -1.890760000000e-01 2.446630000000e-02 1.000000000000e-01 1.000000000000e-01 1.000000000000e-01 1.000000000000e-01
1.645318657091e-01 1.111080000000e-01 -3.973280000000e-02 -1.848380000000e-01 -1.412360000000e-03 1.000000000000e-01 1.000000000000e-01 1.000000000000e-01 1.000000000000e-01
2.714212430550e-01 1.319460000000e-01 -1.641590000000e-02 -1.834430000000e-01 -1.277990000000e-02 1.000000000000e-01 1.000000000000e-01 1.000000000000e-01 1.000000000000e-01
4.477498332132e-01 9.759260000000e-02 5.209880000000e-02 -1.336920000000e-01 -5.475750000000e-02 1.000000000000e-01 1.000000000000e-01 1.000000000000e-01 1.000000000000e-01
7.386288094781e-01 1.109410000000e-01 4.624810000000e-02 -8.123200000000e-02 -2.489220000000e-02 1.000000000000e-01 1.000000000000e-01 1.000000000000e-01 1.000000000000e-01
1.218479459483e+00 1.176810000000e-01 4.943190000000e-02 -8.470440000000e-02 3.277220000000e-03 1.000000000000e-01 1.000000000000e-01 1.000000000000e-01 1.000000000000e-01
2.010058331893e+00 1.516340000000e-01 7.139790000000e-02 -8.898500000000e-02 9.699800000000e-03 1.000000000000e-01 1.000000000000e-01 1.000000000000e-01 1.000000000000e-01
3.315891742766e+00 9.141210000000e-02 4.532360000000e-02 -1.172090000000e-01 3.523880000000e-02 1.000000000000e-01 1.000000000000e-01 1.000000000000e-01 1.000000000000e-01
5.470040587701e+00 6.252440000000e-02 6.072740000000e-02 -1.130380000000e-01 7.036950000000e-02 1.000000000000e-01 1.000000000000e-01 1.000000000000e-01 1.000000000000e-01
9.023641941888e+00 6.205200000000e-02 3.918530000000e-02 -1.723220000000e-01 7.405090000000e-02 1.000000000000e-01 1.000000000000e-01 1.000000000000e-01 1.000000000000e-01
1.488580355800e+01 3.497210000000e-02 1.417240000000e-02 -2.023480000000e-01 9.725280000000e-02 1.000000000000e-01 1.000000000000e-01 1.000000000000e-01 1.000000000000e-01
2.455638883568e+01 3.772580000000e-02 -8.330790000000e-03 -2.426270000000e-01 8.258490000000e-02 1.000000000000e-01 1.000000000000e-01 1.000000000000e-01 1.000000000000e-01
4.050944680299e+01 4.971270000000e-02 -2.402220000000e-02 -2.690270000000e-01 5.941360000000e-02 1.000000000000e-01 1.000000000000e-01 1.000000000000e-01 1.000000000000e-01
6.682615843146e+01 6.262260000000e-02 -3.928590000000e-02 -2.799790000000e-01 3.968240000000e-02 1.000000000000e-01 1.000000000000e-01 1.000000000000e-01 1.000000000000e-01
1.102399703675e+02 8.324540000000e-02 -4.984460000000e-02 -2.875220000000e-01 3.134990000000e-02 1.000000000000e-01 1.000000000000e-01 1.000000000000e-01 1.000000000000e-01
1.818568677337e+02 1.105040000000e-01 -4.649170000000e-02 -3.014190000000e-01 2.426360000000e-02 1.000000000000e-01 1.000000000000e-01 1.000000000000e-01 1.000000000000e-01
3.000003000003e+02 1.270420000000e-01 -3.440970000000e-02 -3.194140000000e-01 5.904390000000e-03 1.000000000000e-01 1.000000000000e-01 1.000000000000e-01 1.000000000000e-01
1018 1018 1 4.719979 9.253883
24
3.000003000003e-03 -2.636340000000e-01 -1.280750000000e-01 4.715490000000e-01 1.324760000000e-01 2.000000000000e-01 2.000000000000e-01 2.000000000000e-01 2.000000000000e-01
4.948951564611e-03 -4.588710000000e-02 -3.973290000000e-02 1.948620000000e-01 2.723990000000e-01 2.000000000000e-01 2.000000000000e-01 2.000000000000e-01 2.000000000000e-01
8.163998399856e-03 -1.375830000000e-02 -5.654450000000e-02 -4.327770000000e-02 2.429390000000e-01 2.000000000000e-01 2.000000000000e-01 2.000000000000e-01 2.000000000000e-01
1.346779580667e-02 -1.991010000000e-02 1.119410000000e-02 -6.951210000000e-02 2.381210000000e-01 2.000000000000e-01 2.000000000000e-01 2.000000000000e-01 2.000000000000e-01
2.221708760642e-02 9.909580000000e-02 4.499320000000e-04 -2.196820000000e-01 2.507850000000e-01 2.000000000000e-01 2.000000000000e-01 2.000000000000e-01 2.000000000000e-01
3.665030841235e-02 1.203250000000e-01 6.499720000000e-04 -2.948710000000e-01 -6.101490000000e-02 1.000000000000e+01 1.000000000000e+01 1.000000000000e+01 1.000000000000e+01
6.046022321914e-02 -1.793040000000e-02 1.559190000000e+00 -8.182660000000e-01 -1.214930000000e+00 2.000000000000e-01 2.000000000000e-01 2.000000000000e-01 2.000000000000e-01
9.973768987563e-02 -4.740920000000e-01 -8.227480000000e-02 -1.140340000000e-02 -8.912540000000e-03 2.000000000000e-01 2.000000000000e-01 2.000000000000e-01 2.000000000000e-01
1.645318657091e-01 -9.895530000000e-02 2.438570000000e-01 -1.122720000000e-01 -8.182820000000e-02 2.000000000000e-01 2.000000000000e-01 2.000000000000e-01 2.000000000000e-01
2.714212430550e-01 -6.162270000000e-03 1.559660000000e-02 -3.631300000000e-01 1.214230000000e-01 2.000000000000e-01 2.000000000000e-01 2.000000000000e-01 2.000000000000e-01
4.477498332132e-01 -1.132310000000e-01 8.624510000000e-02 -3.613420000000e-01 9.483980000000e-02 2.000000000000e-01 2.000000000000e-01 2.000000000000e-01 2.000000000000e-01
7.386288094781e-01 -1.074720000000e-01 3.720470000000e-02 -4.584790000000e-01 1.125220000000e-01 2.000000000000e-01 2.000000000000e-01 2.000000000000e-01 2.000000000000e-01
1.218479459483e+00 -2.212330000000e-01 -2.066560000000e-02 -5.015480000000e-01 5.477100000000e-03 2.000000000000e-01 2.000000000000e-01 2.000000000000e-01 2.000000000000e-01
2.010058331893e+00 -2.877250000000e-01 -2.041030000000e-01 -4.874840000000e-01 -8.275270000000e-02 2.000000000000e-01 2.000000000000e-01 2.000000000000e-01 2.000000000000e-01
3.315891742766e+00 -8.874880000000e-02 -3.629230000000e-01 -4.282450000000e-01 -2.755740000000e-01 2.000000000000e-01 2.000000000000e-01 2.000000000000e-01 2.000000000000e-01
5.470040587701e+00 1.821610000000e-01 -4.323720000000e-01 -2.440730000000e-01 -3.314180000000e-01 2.000000000000e-01 2.000000000000e-01 2.000000000000e-01 2.000000000000e-01
9.023641941888e+00 3.575110000000e-01 -3.752300000000e-01 -9.280660000000e-02 -2.218390000000e-01 2.000000000000e-01 2.000000000000e-01 2.000000000000e-01 2.000000000000e-01
1.488580355800e+01 5.434740000000e-01 -1.683730000000e-01 1.341970000000e-02 -1.049100000000e-01 2.000000000000e-01 2.000000000000e-01 2.000000000000e-01 2.000000000000e-01
2.455638883568e+01 5.439190000000e-01 1.230910000000e-02 -5.162780000000e-03 1.650740000000e-02 2.000000000000e-01 2.000000000000e-01 2.000000000000e-01 2.000000000000e-01
4.050944680299e+01 4.613720000000e-01 8.807520000000e-02 -5.691230000000e-02 1.468250000000e-01 2.000000000000e-01 2.000000000000e-01 2.000000000000e-01 2.000000000000e-01
6.682615843146e+01 3.635360000000e-01 1.978450000000e-01 -1.442080000000e-01 6.040270000000e-02 2.000000000000e-01 2.000000000000e-01 2.000000000000e-01 2.000000000000e-01
1.102399703675e+02 2.953780000000e-01 3.165710000000e-01 -1.290480000000e-01 3.615290000000e-02 2.000000000000e-01 2.000000000000e-01 2.000000000000e-01 2.000000000000e-01
1.818568677337e+02 1.646260000000e-01 2.140180000000e-01 -1.341170000000e-01 -6.704310000000e-02 2.000000000000e-01 2.000000000000e-01 2.000000000000e-01 2.000000000000e-01
3.000003000003e+02 5.643000000000e-04 3.260560000000e-01 -1.309450000000e-01 -3.922550000000e-02 2.000000000000e-01 2.000000000000e-01 2.000000000000e-01 2.000000000000e-01
1019 1019 1 6.278933 -6.457571
23
4.948951564611e-03 -4.463340000000e-02 -1.086750000000e-01 2.269390000000e-01 5.572350000000e-02 1.000000000000e-01 1.000000000000e-01 1.000000000000e-01 1.000000000000e-01
8.163998399856e-03 3.292890000000e-03 -5.043840000000e-02 1.153160000000e-01 1.572840000000e-01 1.000000000000e-01 1.000000000000e-01 1.000000000000e-01 1.000000000000e-01
1.346779580667e-02 6.976210000000e-02 -2.947350000000e-02 -3.495920000000e-02 8.538040000000e-02 1.000000000000e-01 1.000000000000e-01 1.000000000000e-01 1.000000000000e-01
2.221708760642e-02 1.393630000000e-01 -7.460540000000e-02 -9.209970000000e-02 1.659660000000e-01 1.000000000000e-01 1.000000000000e-01 1.000000000000e-01 1.000000000000e-01
3.665030841235e-02 1.912780000000e-02 5.426800000000e-02 2.212490000000e-01 -3.841630000000e-02 1.000000000000e+01 1.000000000000e+01 1.000000000000e+01 1.000000000000e+01
6.046022321914e-02 1.092690000000e-01 3.088480000000e-01 -2.922070000000e-01 -3.190290000000e-01 1.000000000000e+01 1.000000000000e+01 1.000000000000e+01 1.000000000000e+01
9.973768987563e-02 8.917660000000e-01 -4.192270000000e-01 2.345420000000e-01 -1.320060000000e+00 1.000000000000e+01 1.000000000000e+01 1.000000000000e+01 1.000000000000e+01
1.645318657091e-01 -1.077470000000e+00 1.543890000000e+00 2.993590000000e-01 2.840050000000e-01 1.000000000000e+01 1.000000000000e+01 1.000000000000e+01 1.000000000000e+01
2.714212430550e-01 1.371690000000e-01 -1.564260000000e-02 2.885170000000e-01 -2.082160000000e-01 1.000000000000e+01 1.000000000000e+01 1.000000000000e+01 1.000000000000e+01
4.477498332132e-01 1.923500000000e-02 -2.195460000000e-01 1.047110000000e-03 2.068750000000e-02 1.000000000000e+01 1.000000000000e+01 1.000000000000e+01 1.000000000000e+01
7.386288094781e-01 1.881490000000e-01 -1.684100000000e-01 6.430180000000e-02 -1.710450000000e-01 1.000000000000e+01 1.000000000000e+01 1.000000000000e+01 1.000000000000e+01
1.218479459483e+00 3.076700000000e-01 2.839780000000e-01 1.188660000000e-01 -8.488000000000e-02 1.000000000000e-01 1.000000000000e-01 1.000000000000e-01 1.000000000000e-01
2.010058331893e+00 2.843050000000e-01 2.324480000000e-02 2.464990000000e-01 4.113630000000e-02 1.000000000000e-01 1.000000000000e-01 1.000000000000e-01 1.000000000000e-01
3.315891742766e+00 3.292630000000e-01 5.509160000000e-03 7.516050000000e-02 2.577870000000e-02 1.000000000000e-01 1.000000000000e-01 1.000000000000e-01 1.000000000000e-01
5.470040587701e+00 1.594610000000e-01 7.125730000000e-02 1.807650000000e-01 -3.616240000000e-02 1.000000000000e-01 1.000000000000e-01 1.000000000000e-01 1.000000000000e-01
9.023641941888e+00 1.197530000000e-01 1.479750000000e-01 2.668910000000e-01 -1.478580000000e-01 1.000000000000e-01 1.000000000000e-01 1.000000000000e-01 1.000000000000e-01
1.488580355800e+01 2.022560000000e-02 2.030660000000e-01 2.490860000000e-01 -6.067390000000e-02 1.000000000000e-01 1.000000000000e-01 1.000000000000e-01 1.000000000000e-01
2.455638883568e+01 -7.314130000000e-02 2.250150000000e-01 2.688660000000e-01 -5.582580000000e-02 1.000000000000e-01 1.000000000000e-01 1.000000000000e-01 1.000000000000e-01
4.050944680299e+01 -2.036410000000e-01 2.019870000000e-01 2.903050000000e-01 -1.455750000000e-02 1.000000000000e-01 1.000000000000e-01 1.000000000000e-01 1.000000000000e-01
6.682615843146e+01 -2.417970000000e-01 2.013090000000e-01 2.993870000000e-01 5.011010000000e-03 1.000000000000e-01 1.000000000000e-01 1.000000000000e-01 1.000000000000e-01
1.102399703675e+02 -4.502280000000e-01 3.370010000000e-02 3.075570000000e-01 9.579240000000e-02 1.000000000000e-01 1.000000000000e-01 1.000000000000e-01 1.000000000000e-01
1.818568677337e+02 -3.534260000000e-01 8.930770000000e-02 2.541930000000e-01 7.631110000000e-02 1.000000000000e-01 1.000000000000e-01 1.000000000000e-01 1.000000000000e-01
3.000003000003e+02 -4.602290000000e-01 2.456150000000e-02 2.224450000000e-01 8.572080000000e-02 1.000000000000e-01 1.000000000000e-01 1.000000000000e-01 1.000000000000e-01
1020 1020 1 7.779387 -6.284294
24
3.000003000003e-03 1.928960000000e-01 9.137340000000e-02 2.642680000000e-01 2.270780000000e-03 1.000000000000e-01 1.000000000000e-01 1.000000000000e-01 1.000000000000e-01
4.948951564611e-03 -1.026580000000e-01 9.114230000000e-02 2.432150000000e-01 5.325250000000e-02 1.000000000000e-01 1.000000000000e-01 1.000000000000e-01 1.000000000000e-01
8.163998399856e-03 8.867500000000e-02 -8.248560000000e-02 5.591320000000e-02 1.276480000000e-01 1.000000000000e-01 1.000000000000e-01 1.000000000000e-01 1.000000000000e-01
1.346779580667e-02 3.695380000000e-02 -1.000260000000e-03 3.895140000000e-02 1.243040000000e-01 1.000000000000e-01 1.000000000000e-01 1.000000000000e-01 1.000000000000e-01
2.221708760642e-02 3.777050000000e-02 -3.720320000000e-02 -2.272200000000e-02 4.543880000000e-02 1.000000000000e-01 1.000000000000e-01 1.000000000000e-01 1.000000000000e-01
3.665030841235e-02 2.865900000000e-02 -8.442680000000e-02 -3.817210000000e-02 3.246020000000e-02 1.000000000000e+01 1.000000000000e+01 1.000000000000e+01 1.000000000000e+01
6.046022321914e-02 1.525570000000e-01 -2.913390000000e-01 -1.410180000000e-01 5.899090000000e-03 1.000000000000e+01 1.000000000000e+01 1.000000000000e+01 1.000000000000e+01
9.973768987563e-02 5.719180000000e-01 -1.256300000000e+00 -2.070010000000e+00 1.228720000000e-01 1.000000000000e+01 1.000000000000e+01 1.000000000000e+01 1.000000000000e+01
1.645318657091e-01 6.807080000000e-01 6.510520000000e-01 6.667460000000e-02 -3.474430000000e-01 1.000000000000e+01 1.000000000000e+01 1.000000000000e+01 1.000000000000e+01
2.714212430550e-01 -1.963970000000e-01 1.176420000000e+00 1.962560000000e-01 -1.282630000000e+00 1.000000000000e+01 1.000000000000e+01 1.000000000000e+01 1.000000000000e+01
4.477498332132e-01 -1.229000000000e-02 3.392430000000e-01 5.345840000000e-01 -6.614190000000e-01 1.000000000000e+01 1.000000000000e+01 1.000000000000e+01 1.000000000000e+01
7.386288094781e-01 -3.715960000000e-02 5.269440000000e-02 1.816650000000e-01 -4.613430000000e-02 1.000000000000e+01 1.000000000000e+01 1.000000000000e+01 1.000000000000e+01
1.218479459483e+00 -8.743780000000e-02 -4.463530000000e-03 1.081500000000e-01 2.349230000000e-02 1.000000000000e+01 1.000000000000e+01 1.000000000000e+01 1.000000000000e+01
2.010058331893e+00 -6.548160000000e-02 2.215970000000e-01 2.882130000000e-01 -1.388320000000e-01 1.000000000000e+01 1.000000000000e+01 1.000000000000e+01 1.000000000000e+01
3.315891742766e+00 2.347500000000e-01 6.847370000000e-03 2.063840000000e-01 -5.553810000000e-02 1.000000000000e+01 1.000000000000e+01 1.000000000000e+01 1.000000000000e+01
5.470040587701e+00 1.073310000000e-01 3.623460000000e-02 2.582600000000e-01 -7.902450000000e-02 1.000000000000e+01 1.000000000000e+01 1.000000000000e+01 1.000000000000e+01
9.023641941888e+00 4.699870000000e-02 7.572000000000e-02 3.446040000000e-01 -1.218560000000e-01 1.000000000000e-01 1.000000000000e-01 1.000000000000e-01 1.000000000000e-01
1.488580355800e+01 1.430260000000e-02 1.352900000000e-01 3.849290000000e-01 -1.440410000000e-01 1.000000000000e-01 1.000000000000e-01 1.000000000000e-01 1.000000000000e-01
2.455638883568e+01 -4.963060000000e-02 1.187910000000e-01 4.373320000000e-01 -1.209780000000e-01 1.000000000000e-01 1.000000000000e-01 1.000000000000e-01 1.000000000000e-01
4.050944680299e+01 -9.601040000000e-02 8.634170000000e-02 4.884780000000e-01 -1.259550000000e-01 1.000000000000e-01 1.000000000000e-01 1.000000000000e-01 1.000000000000e-01
6.682615843146e+01 -1.148810000000e-01 2.052930000000e-02 5.226640000000e-01 -7.437870000000e-02 1.000000000000e-01 1.000000000000e-01 1.000000000000e-01 1.000000000000e-01
1.102399703675e+02 -9.973030000000e-02 -1.454300000000e-02 5.536040000000e-01 -4.385960000000e-02 1.000000000000e-01 1.000000000000e-01 1.000000000000e-01 1.000000000000e-01
1.818568677337e+02 -4.148960000000e-02 -6.411780000000e-02 5.133070000000e-01 7.037470000000e-02 1.000000000000e-01 1.000000000000e-01 1.000000000000e-01 1.000000000000e-01
3.000003000003e+02 2.914180000000e-01 -2.779120000000e-01 4.179970000000e-01 1.418100000000e-01 1.000000000000e-01 1.000000000000e-01 1.000000000000e-01 1.000000000000e-01
1021 1021 1 7.663535 -8.369389
24
3.000003000003e-03 5.172310000000e-02 3.575240000000e-01 2.219350000000e-01 7.402630000000e-02 1.000000000000e-01 1.000000000000e-01 1.000000000000e-01 1.000000000000e-01
4.948951564611e-03 3.127430000000e-01 -3.899390000000e-02 -2.953570000000e-02 3.539070000000e-02 1.000000000000e-01 1.000000000000e-01 1.000000000000e-01 1.000000000000e-01
8.163998399856e-03 -7.180380000000e-02 -1.188870000000e-02 1.448470000000e-01 1.135520000000e-01 1.000000000000e-01 1.000000000000e-01 1.000000000000e-01 1.000000000000e-01
1.346779580667e-02 -6.036780000000e-02 -1.682180000000e-02 1.679680000000e-02 1.224710000000e-01 1.000000000000e-01 1.000000000000e-01 1.000000000000e-01 1.000000000000e-01
2.221708760642e-02 -7.902590000000e-03 -1.309750000000e-02 -1.504570000000e-02 7.353660000000e-03 1.000000000000e-01 1.000000000000e-01 1.000000000000e-01 1.000000000000e-01
3.665030841235e-02 6.121290000000e-03 -7.454380000000e-02 -1.698630000000e-02 1.606370000000e-01 1.000000000000e+01 1.000000000000e+01 1.000000000000e+01 1.000000000000e+01
6.046022321914e-02 3.000770000000e-01 2.766170000000e-01 -3.541520000000e-03 -1.098120000000e-01 1.000000000000e+01 1.000000000000e+01 1.000000000000e+01 1.000000000000e+01
9.973768987563e-02 -1.320750000000e+00 -1.241590000000e+00 -4.248470000000e-01 1.598810000000e+00 1.000000000000e+01 1.000000000000e+01 1.000000000000e+01 1.000000000000e+01
1.645318657091e-01 8.271220000000e-02 1.291610000000e+00 -3.252890000000e-01 -2.164420000000e+00 1.000000000000e+01 1.000000000000e+01 1.000000000000e+01 1.000000000000e+01
2.714212430550e-01 7.599040000000e-02 -2.181190000000e-01 -3.364360000000e-01 -3.829700000000e-02 1.000000000000e+01 1.000000000000e+01 1.000000000000e+01 1.000000000000e+01
4.477498332132e-01 1.412450000000e-01 -7.634090000000e-02 1.943960000000e-01 1.725680000000e-01 1.000000000000e+01 1.000000000000e+01 1.000000000000e+01 1.000000000000e+01
7.386288094781e-01 8.277640000000e-02 -1.278290000000e-01 1.618040000000e-01 -1.368180000000e-01 1.000000000000e-01 1.000000000000e-01 1.000000000000e-01 1.000000000000e-01
1.218479459483e+00 -6.193690000000e-02 -2.546180000000e-01 1.278450000000e-01 4.253850000000e-02 1.000000000000e-01 1.000000000000e-01 1.000000000000e-01 1.000000000000e-01
2.010058331893e+00 -1.197190000000e-02 1.984490000000e-02 2.027600000000e-01 2.187050000000e-02 1.000000000000e-01 1.000000000000e-01 1.000000000000e-01 1.000000000000e-01
3.315891742766e+00 3.295360000000e-01 1.177030000000e-01 1.095800000000e-01 6.411390000000e-02 1.000000000000e-01 1.000000000000e-01 1.000000000000e-01 1.000000000000e-01
5.470040587701e+00 1.696380000000e-01 1.838040000000e-02 -4.075650000000e-02 9.878110000000e-02 1.000000000000e-01 1.000000000000e-01 1.000000000000e-01 1.000000000000e-01
9.023641941888e+00 1.455810000000e-01 8.234960000000e-03 -1.188500000000e-02 1.564270000000e-01 1.000000000000e-01 1.000000000000e-01 1.000000000000e-01 1.000000000000e-01
1.488580355800e+01 1.198050000000e-01 4.900290000000e-02 -2.781530000000e-02 1.336910000000e-01 1.000000000000e-01 1.000000000000e-01 1.000000000000e-01 1.000000000000e-01
2.455638883568e+01 7.268630000000e-02 4.340280000000e-02 -6.693840000000e-02 1.332520000000e-01 1.000000000000e-01 1.000000000000e-01 1.000000000000e-01 1.000000000000e-01
4.050944680299e+01 3.602860000000e-02 -1.496750000000e-03 -1.675120000000e-01 9.057860000000e-02 1.000000000000e-01 1.000000000000e-01 1.000000000000e-01 1.000000000000e-01
6.682615843146e+01 2.876960000000e-02 -6.057350000000e-02 -1.908620000000e-01 6.212970000000e-02 1.000000000000e-01 1.000000000000e-01 1.000000000000e-01 1.000000000000e-01
1.102399703675e+02 5.029260000000e-02 -8.438950000000e-02 -2.180260000000e-01 6.942850000000e-03 1.000000000000e-01 1.000000000000e-01 1.000000000000e-01 1.000000000000e-01
1.818568677337e+02 1.096750000000e-01 -4.453060000000e-02 -2.694420000000e-01 -3.551280000000e-02 1.000000000000e-01 1.000000000000e-01 1.000000000000e-01 1.000000000000e-01
3.000003000003e+02 1.665170000000e-01 -3.785120000000e-03 -3.188230000000e-01 -6.561460000000e-02 1.000000000000e-01 1.000000000000e-01 1.000000000000e-01 1.000000000000e-01
END
